id,crop_label,health_label
train_010761.jpg,0,0
train_009972.jpg,2,1
train_014853.jpg,1,1
train_000629.jpg,2,1
train_011728.jpg,2,1
train_006897.jpg,2,1
train_010027.jpg,1,1
train_002872.jpg,0,0
train_007038.jpg,2,1
train_014465.jpg,2,1
train_007481.jpg,2,1
train_007421.jpg,1,1
train_010831.jpg,2,1
train_000197.jpg,2,1
train_014426.jpg,2,1
train_013628.jpg,2,1
train_012766.jpg,1,1
train_003518.jpg,0,1
train_015213.jpg,2,1
train_014408.jpg,2,1
train_008894.jpg,1,1
train_012611.jpg,2,1
train_006439.jpg,2,1
train_007417.jpg,1,0
train_016146.jpg,1,1
train_013290.jpg,2,1
train_003525.jpg,2,1
train_001440.jpg,2,1
train_015437.jpg,2,1
train_013197.jpg,2,1
train_002147.jpg,1,1
train_009595.jpg,2,0
train_006099.jpg,1,0
train_016407.jpg,2,1
train_011520.jpg,1,1
train_016348.jpg,2,1
train_015317.jpg,1,0
train_002076.jpg,0,1
train_009707.jpg,2,1
train_000486.jpg,2,1
train_000362.jpg,1,1
train_005232.jpg,2,1
train_005099.jpg,2,1
train_007280.jpg,2,1
train_011589.jpg,1,1
train_002528.jpg,2,1
train_000975.jpg,1,0
train_005731.jpg,2,1
train_002800.jpg,2,1
train_003520.jpg,2,1
train_014774.jpg,2,1
train_000406.jpg,2,1
train_004575.jpg,2,1
train_012843.jpg,2,1
train_005529.jpg,2,1
train_006247.jpg,2,1
train_014037.jpg,2,1
train_000775.jpg,2,1
train_002303.jpg,2,1
train_007124.jpg,1,1
train_016393.jpg,2,1
train_016217.jpg,2,1
train_009235.jpg,1,0
train_008200.jpg,0,1
train_004138.jpg,2,0
train_016149.jpg,2,1
train_011413.jpg,2,1
train_004877.jpg,2,1
train_000201.jpg,2,1
train_002064.jpg,2,1
train_003144.jpg,0,0
train_005302.jpg,2,0
train_004664.jpg,2,1
train_010882.jpg,0,0
train_014022.jpg,2,0
train_003967.jpg,1,1
train_004183.jpg,2,0
train_016337.jpg,2,1
train_014263.jpg,2,1
train_004071.jpg,1,1
train_005949.jpg,2,1
train_013887.jpg,2,1
train_013853.jpg,2,1
train_003406.jpg,2,1
train_004927.jpg,2,0
train_002776.jpg,0,1
train_015826.jpg,2,1
train_001814.jpg,2,1
train_009552.jpg,1,1
train_009556.jpg,2,1
train_014495.jpg,2,1
train_000603.jpg,2,1
train_010321.jpg,2,1
train_010610.jpg,2,1
train_009490.jpg,2,1
train_014024.jpg,1,1
train_015622.jpg,2,1
train_004669.jpg,1,1
train_002337.jpg,2,1
train_004856.jpg,2,1
train_000302.jpg,0,0
train_002205.jpg,2,1
train_000753.jpg,2,1
train_013792.jpg,2,1
train_008598.jpg,1,1
train_000441.jpg,2,1
train_012978.jpg,0,1
train_009847.jpg,2,1
train_004432.jpg,1,1
train_008076.jpg,2,1
train_016362.jpg,0,1
train_009980.jpg,1,1
train_009886.jpg,1,1
train_007132.jpg,2,1
train_015925.jpg,2,1
train_009069.jpg,2,1
train_004450.jpg,2,1
train_014746.jpg,0,0
train_010970.jpg,2,1
train_008643.jpg,2,1
train_002964.jpg,1,1
train_000499.jpg,0,1
train_012465.jpg,2,1
train_005010.jpg,1,1
train_007667.jpg,1,1
train_002789.jpg,2,1
train_015815.jpg,2,1
train_011888.jpg,1,1
train_015867.jpg,2,1
train_005158.jpg,2,1
train_009423.jpg,0,0
train_009103.jpg,2,1
train_015365.jpg,2,1
train_005416.jpg,2,0
train_002734.jpg,0,0
train_004701.jpg,2,1
train_002620.jpg,2,1
train_000442.jpg,2,1
train_006179.jpg,2,0
train_010120.jpg,2,1
train_008464.jpg,2,1
train_008452.jpg,0,1
train_010280.jpg,2,1
train_002353.jpg,2,1
train_013260.jpg,2,0
train_009819.jpg,2,1
train_011567.jpg,2,1
train_000172.jpg,2,1
train_006759.jpg,2,1
train_014194.jpg,1,1
train_016283.jpg,2,1
train_013768.jpg,2,1
train_000924.jpg,2,1
train_016064.jpg,2,1
train_002304.jpg,2,1
train_007438.jpg,2,1
train_011646.jpg,0,0
train_005018.jpg,0,0
train_013021.jpg,1,0
train_004438.jpg,2,1
train_013194.jpg,2,0
train_013386.jpg,0,0
train_000380.jpg,2,1
train_004319.jpg,2,1
train_011734.jpg,2,1
train_001719.jpg,2,1
train_015047.jpg,2,1
train_005581.jpg,2,1
train_008303.jpg,1,1
train_001888.jpg,2,1
train_012312.jpg,0,0
train_015408.jpg,2,0
train_001224.jpg,2,1
train_010568.jpg,2,1
train_005149.jpg,2,0
train_000900.jpg,2,1
train_008934.jpg,1,1
train_011493.jpg,0,1
train_013449.jpg,2,1
train_015244.jpg,2,1
train_004923.jpg,1,1
train_012336.jpg,2,1
train_011036.jpg,2,1
train_005970.jpg,2,1
train_007721.jpg,2,1
train_014917.jpg,2,1
train_013371.jpg,1,1
train_004812.jpg,2,1
train_015190.jpg,2,0
train_007170.jpg,1,1
train_007664.jpg,2,1
train_010390.jpg,0,1
train_012092.jpg,2,1
train_012072.jpg,2,1
train_008479.jpg,1,1
train_003871.jpg,2,1
train_007816.jpg,2,0
train_013998.jpg,0,1
train_003273.jpg,1,1
train_004011.jpg,0,0
train_015485.jpg,2,1
train_015095.jpg,2,1
train_002983.jpg,2,0
train_002149.jpg,1,1
train_007506.jpg,0,1
train_007561.jpg,1,1
train_015619.jpg,2,1
train_011372.jpg,2,1
train_006552.jpg,2,1
train_004762.jpg,2,1
train_005774.jpg,2,1
train_006515.jpg,2,1
train_006287.jpg,1,1
train_000595.jpg,1,1
train_002113.jpg,2,1
train_006550.jpg,1,0
train_000343.jpg,0,1
train_013305.jpg,2,1
train_010595.jpg,2,1
train_014926.jpg,0,0
train_008199.jpg,2,1
train_005078.jpg,0,0
train_011190.jpg,2,1
train_014659.jpg,2,1
train_016151.jpg,1,1
train_002917.jpg,2,1
train_003831.jpg,2,1
train_005631.jpg,0,0
train_015675.jpg,2,1
train_001170.jpg,2,1
train_009861.jpg,2,1
train_011102.jpg,2,1
train_006921.jpg,2,1
train_009433.jpg,2,0
train_009545.jpg,2,1
train_007840.jpg,0,0
train_004659.jpg,2,1
train_010859.jpg,0,0
train_013049.jpg,0,0
train_000308.jpg,2,1
train_006869.jpg,1,1
train_014796.jpg,1,1
train_006863.jpg,2,1
train_009644.jpg,2,0
train_014139.jpg,2,1
train_001929.jpg,2,0
train_003299.jpg,0,1
train_008151.jpg,2,1
train_013660.jpg,0,1
train_009530.jpg,0,0
train_002712.jpg,2,1
train_007735.jpg,2,1
train_001203.jpg,2,1
train_002599.jpg,2,1
train_010742.jpg,2,1
train_013955.jpg,2,1
train_005663.jpg,0,0
train_000619.jpg,0,1
train_005488.jpg,2,1
train_000761.jpg,0,1
train_000181.jpg,2,1
train_002383.jpg,2,1
train_000776.jpg,1,1
train_015153.jpg,0,1
train_004110.jpg,2,1
train_007567.jpg,0,1
train_015785.jpg,0,0
train_000508.jpg,2,1
train_002053.jpg,2,1
train_006012.jpg,2,1
train_006466.jpg,2,1
train_006907.jpg,2,1
train_007244.jpg,2,1
train_003150.jpg,2,1
train_006775.jpg,1,1
train_013013.jpg,2,1
train_006675.jpg,2,1
train_009039.jpg,2,1
train_010910.jpg,2,0
train_001462.jpg,0,1
train_014784.jpg,2,1
train_004946.jpg,2,1
train_012413.jpg,2,1
train_010612.jpg,2,1
train_015221.jpg,2,0
train_005680.jpg,2,1
train_014127.jpg,2,1
train_012811.jpg,2,1
train_007029.jpg,2,0
train_012612.jpg,2,1
train_011964.jpg,2,1
train_006220.jpg,0,0
train_007199.jpg,2,1
train_003384.jpg,0,1
train_002201.jpg,1,1
train_001578.jpg,2,0
train_005921.jpg,2,1
train_002977.jpg,2,1
train_005350.jpg,2,1
train_016192.jpg,2,1
train_007061.jpg,2,1
train_003138.jpg,0,0
train_005460.jpg,2,1
train_013760.jpg,2,1
train_010599.jpg,2,0
train_004506.jpg,2,1
train_010010.jpg,2,1
train_001566.jpg,2,1
train_006465.jpg,0,1
train_014221.jpg,2,1
train_015480.jpg,2,1
train_013044.jpg,2,0
train_012822.jpg,2,0
train_005283.jpg,2,1
train_006735.jpg,2,1
train_014359.jpg,0,1
train_012818.jpg,1,1
train_007736.jpg,2,1
train_006559.jpg,2,1
train_008625.jpg,2,1
train_000772.jpg,1,1
train_011426.jpg,0,1
train_016326.jpg,0,0
train_014162.jpg,2,1
train_009769.jpg,2,1
train_013719.jpg,0,0
train_008579.jpg,2,1
train_006673.jpg,1,1
train_015196.jpg,2,1
train_012289.jpg,0,1
train_005220.jpg,2,1
train_015088.jpg,2,1
train_008852.jpg,2,1
train_006386.jpg,1,1
train_000319.jpg,2,1
train_014585.jpg,2,0
train_012663.jpg,2,0
train_015594.jpg,2,1
train_009164.jpg,2,1
train_002594.jpg,2,1
train_012000.jpg,2,0
train_011140.jpg,2,1
train_009380.jpg,2,1
train_003636.jpg,2,1
train_013065.jpg,2,1
train_012130.jpg,2,1
train_001537.jpg,1,1
train_008507.jpg,2,1
train_005726.jpg,1,1
train_009782.jpg,2,1
train_015461.jpg,0,1
train_000123.jpg,2,1
train_001480.jpg,2,1
train_015049.jpg,0,1
train_014563.jpg,2,1
train_002363.jpg,2,1
train_004153.jpg,2,1
train_000579.jpg,2,0
train_008136.jpg,0,0
train_006489.jpg,1,0
train_003686.jpg,2,1
train_014838.jpg,2,1
train_015329.jpg,2,1
train_009048.jpg,0,1
train_008184.jpg,2,1
train_008435.jpg,2,1
train_008651.jpg,2,1
train_005882.jpg,1,1
train_003175.jpg,2,1
train_006741.jpg,2,0
train_010689.jpg,2,1
train_014655.jpg,2,1
train_007383.jpg,2,1
train_012607.jpg,0,1
train_012582.jpg,2,0
train_001685.jpg,2,1
train_012511.jpg,2,1
train_007923.jpg,2,1
train_002246.jpg,2,1
train_000846.jpg,0,1
train_009986.jpg,1,1
train_010617.jpg,2,1
train_012637.jpg,0,0
train_015147.jpg,1,0
train_006932.jpg,2,1
train_004458.jpg,0,1
train_008707.jpg,1,1
train_015222.jpg,2,1
train_011357.jpg,0,0
train_013814.jpg,2,1
train_008997.jpg,2,1
train_007647.jpg,2,1
train_004408.jpg,2,1
train_010244.jpg,2,1
train_010684.jpg,2,1
train_011671.jpg,0,0
train_007204.jpg,0,1
train_009882.jpg,2,1
train_012526.jpg,1,1
train_016340.jpg,2,1
train_008077.jpg,2,1
train_013871.jpg,2,1
train_004630.jpg,2,1
train_006303.jpg,2,1
train_011278.jpg,0,1
train_013678.jpg,2,1
train_013666.jpg,2,1
train_013817.jpg,2,1
train_013001.jpg,2,1
train_000581.jpg,2,1
train_005081.jpg,2,1
train_005802.jpg,2,1
train_003919.jpg,2,1
train_012744.jpg,1,1
train_004765.jpg,2,0
train_001729.jpg,1,1
train_005329.jpg,2,0
train_001275.jpg,2,1
train_002700.jpg,2,0
train_014836.jpg,2,1
train_001172.jpg,0,1
train_002448.jpg,1,1
train_005749.jpg,2,1
train_011588.jpg,2,1
train_007913.jpg,2,1
train_004885.jpg,0,0
train_006855.jpg,0,0
train_011825.jpg,2,1
train_014201.jpg,2,1
train_005265.jpg,2,0
train_001670.jpg,2,1
train_012392.jpg,2,1
train_008979.jpg,2,1
train_001620.jpg,1,1
train_014883.jpg,2,1
train_014277.jpg,1,1
train_013056.jpg,0,1
train_015841.jpg,2,1
train_004990.jpg,1,1
train_001748.jpg,2,1
train_008074.jpg,1,1
train_009770.jpg,1,1
train_010357.jpg,2,1
train_001872.jpg,2,1
train_005564.jpg,2,1
train_009995.jpg,1,1
train_012291.jpg,2,1
train_002992.jpg,2,1
train_008078.jpg,2,1
train_001436.jpg,2,1
train_016274.jpg,1,0
train_012651.jpg,0,1
train_000090.jpg,0,0
train_011240.jpg,0,1
train_007251.jpg,2,0
train_011055.jpg,1,1
train_004831.jpg,1,1
train_000164.jpg,2,1
train_000552.jpg,2,1
train_000894.jpg,2,1
train_010289.jpg,2,1
train_009539.jpg,2,0
train_015173.jpg,0,1
train_001516.jpg,0,0
train_001703.jpg,2,1
train_005193.jpg,2,1
train_012516.jpg,2,1
train_006777.jpg,2,1
train_004014.jpg,2,1
train_008593.jpg,1,1
train_005688.jpg,1,1
train_015202.jpg,2,1
train_010551.jpg,2,1
train_005908.jpg,0,0
train_014317.jpg,0,0
train_003770.jpg,2,1
train_007240.jpg,2,1
train_003571.jpg,2,1
train_015913.jpg,2,1
train_006979.jpg,2,1
train_001978.jpg,2,1
train_004773.jpg,0,0
train_005951.jpg,2,1
train_003843.jpg,2,1
train_007632.jpg,2,1
train_005946.jpg,2,1
train_014709.jpg,0,0
train_006865.jpg,2,1
train_005121.jpg,2,1
train_000964.jpg,0,1
train_002936.jpg,2,1
train_014327.jpg,0,0
train_013921.jpg,2,1
train_008610.jpg,0,0
train_002692.jpg,2,1
train_001794.jpg,2,1
train_006496.jpg,1,1
train_014852.jpg,0,0
train_003433.jpg,2,1
train_015259.jpg,1,1
train_011245.jpg,1,1
train_013830.jpg,2,1
train_006562.jpg,2,0
train_004056.jpg,2,1
train_003782.jpg,1,1
train_009481.jpg,2,1
train_015177.jpg,2,0
train_016180.jpg,2,1
train_007681.jpg,1,1
train_013344.jpg,2,1
train_004647.jpg,2,1
train_007183.jpg,2,0
train_013621.jpg,1,1
train_007627.jpg,0,1
train_004306.jpg,2,1
train_001474.jpg,2,1
train_002824.jpg,2,1
train_007089.jpg,2,1
train_002961.jpg,2,1
train_012031.jpg,2,1
train_005729.jpg,2,1
train_002767.jpg,2,1
train_004781.jpg,2,1
train_010062.jpg,2,1
train_012191.jpg,0,0
train_010355.jpg,2,1
train_005144.jpg,2,0
train_010227.jpg,2,1
train_000950.jpg,2,1
train_007610.jpg,2,1
train_014429.jpg,0,0
train_014860.jpg,1,1
train_004989.jpg,2,1
train_010701.jpg,2,1
train_001412.jpg,1,1
train_016318.jpg,2,1
train_013965.jpg,2,1
train_013638.jpg,2,1
train_006698.jpg,1,1
train_006547.jpg,2,1
train_008259.jpg,2,1
train_003164.jpg,2,0
train_008983.jpg,2,1
train_013396.jpg,1,1
train_011229.jpg,2,1
train_001191.jpg,0,1
train_007520.jpg,2,1
train_016396.jpg,2,1
train_014404.jpg,1,1
train_001646.jpg,2,1
train_011124.jpg,2,1
train_001519.jpg,0,0
train_010602.jpg,2,1
train_014340.jpg,2,1
train_002009.jpg,1,1
train_001513.jpg,2,0
train_014609.jpg,2,1
train_003667.jpg,2,1
train_016082.jpg,2,1
train_000205.jpg,2,0
train_012194.jpg,2,0
train_008295.jpg,2,1
train_003689.jpg,0,0
train_012359.jpg,2,1
train_005325.jpg,2,1
train_006731.jpg,0,1
train_005969.jpg,2,1
train_014593.jpg,2,1
train_008518.jpg,2,1
train_000892.jpg,2,1
train_003209.jpg,2,1
train_015241.jpg,1,1
train_001409.jpg,1,1
train_013787.jpg,1,1
train_005410.jpg,0,0
train_013801.jpg,2,1
train_006309.jpg,0,0
train_011398.jpg,0,1
train_015966.jpg,1,1
train_005819.jpg,2,1
train_010729.jpg,1,0
train_008950.jpg,2,0
train_004311.jpg,1,1
train_012535.jpg,1,1
train_003531.jpg,2,1
train_013533.jpg,2,1
train_011971.jpg,0,0
train_000169.jpg,1,1
train_012459.jpg,2,1
train_010860.jpg,2,1
train_000842.jpg,2,1
train_007210.jpg,2,1
train_006738.jpg,0,1
train_005582.jpg,1,1
train_011152.jpg,2,1
train_008528.jpg,2,0
train_000728.jpg,2,1
train_008063.jpg,2,1
train_003474.jpg,2,0
train_008256.jpg,0,1
train_015358.jpg,1,1
train_000120.jpg,2,1
train_006448.jpg,2,1
train_000148.jpg,2,1
train_001050.jpg,1,1
train_014121.jpg,2,1
train_000198.jpg,2,1
train_013098.jpg,2,1
train_012994.jpg,2,0
train_008227.jpg,2,1
train_013735.jpg,2,0
train_001058.jpg,1,1
train_003697.jpg,2,1
train_008006.jpg,1,1
train_012934.jpg,0,1
train_013509.jpg,2,1
train_007495.jpg,1,1
train_016028.jpg,1,1
train_015518.jpg,2,0
train_015045.jpg,2,1
train_014523.jpg,2,1
train_011945.jpg,1,0
train_007120.jpg,2,1
train_007134.jpg,2,1
train_004721.jpg,2,0
train_012750.jpg,1,1
train_000734.jpg,2,1
train_004621.jpg,1,1
train_015208.jpg,1,0
train_003511.jpg,0,0
train_016216.jpg,1,1
train_004331.jpg,0,1
train_003721.jpg,2,1
train_005429.jpg,0,0
train_014452.jpg,1,1
train_008803.jpg,1,1
train_007182.jpg,2,1
train_010948.jpg,2,1
train_014246.jpg,2,1
train_015604.jpg,2,1
train_006010.jpg,2,1
train_001884.jpg,2,1
train_003815.jpg,1,1
train_015771.jpg,1,1
train_015298.jpg,2,0
train_009516.jpg,1,0
train_008018.jpg,2,1
train_008285.jpg,2,1
train_005853.jpg,1,1
train_005066.jpg,2,1
train_003284.jpg,2,1
train_001225.jpg,2,0
train_005665.jpg,2,1
train_001732.jpg,1,1
train_008176.jpg,2,0
train_014115.jpg,0,1
train_006639.jpg,2,1
train_006286.jpg,2,1
train_010847.jpg,2,1
train_003827.jpg,1,1
train_008292.jpg,0,0
train_010846.jpg,0,1
train_000307.jpg,2,0
train_011450.jpg,2,0
train_006355.jpg,1,1
train_002332.jpg,2,1
train_005456.jpg,2,1
train_011643.jpg,2,1
train_005352.jpg,1,1
train_013438.jpg,2,0
train_016332.jpg,2,0
train_007838.jpg,2,1
train_001102.jpg,2,1
train_001389.jpg,2,1
train_003729.jpg,1,1
train_010236.jpg,2,1
train_008460.jpg,0,0
train_012217.jpg,2,1
train_003785.jpg,0,1
train_001341.jpg,2,1
train_013348.jpg,2,1
train_009179.jpg,0,1
train_002216.jpg,2,1
train_001025.jpg,0,1
train_008891.jpg,2,1
train_015072.jpg,1,1
train_011231.jpg,2,1
train_002060.jpg,0,0
train_016320.jpg,2,1
train_002174.jpg,2,1
train_015637.jpg,2,1
train_009099.jpg,2,1
train_011069.jpg,1,1
train_011585.jpg,2,1
train_011380.jpg,1,1
train_003687.jpg,1,1
train_000332.jpg,2,1
train_006978.jpg,0,0
train_001786.jpg,1,1
train_003613.jpg,2,1
train_005622.jpg,0,1
train_000505.jpg,2,1
train_015434.jpg,2,1
train_006628.jpg,2,1
train_013025.jpg,1,1
train_012225.jpg,0,0
train_009456.jpg,2,1
train_006911.jpg,0,0
train_016329.jpg,1,1
train_003765.jpg,2,1
train_009419.jpg,2,1
train_005023.jpg,2,1
train_006277.jpg,2,0
train_003458.jpg,2,1
train_002490.jpg,2,1
train_006231.jpg,2,1
train_001216.jpg,0,1
train_000911.jpg,1,1
train_013567.jpg,0,1
train_004005.jpg,1,1
train_006539.jpg,2,1
train_006134.jpg,2,1
train_003987.jpg,2,1
train_001615.jpg,2,1
train_002584.jpg,2,1
train_001709.jpg,1,0
train_002340.jpg,1,1
train_012835.jpg,2,1
train_011392.jpg,0,1
train_008903.jpg,2,1
train_004875.jpg,1,1
train_004043.jpg,2,1
train_004302.jpg,2,1
train_010386.jpg,1,1
train_011370.jpg,2,1
train_010552.jpg,0,1
train_007714.jpg,2,1
train_014272.jpg,2,1
train_014123.jpg,0,1
train_003730.jpg,2,1
train_010688.jpg,2,0
train_003425.jpg,2,1
train_015278.jpg,2,1
train_015719.jpg,2,1
train_002463.jpg,2,1
train_005604.jpg,1,1
train_013618.jpg,2,1
train_015220.jpg,2,0
train_008514.jpg,2,1
train_008289.jpg,1,1
train_002843.jpg,2,1
train_002231.jpg,2,1
train_003681.jpg,2,1
train_005939.jpg,1,1
train_016352.jpg,2,1
train_008070.jpg,1,0
train_006252.jpg,2,1
train_014977.jpg,2,1
train_004477.jpg,2,1
train_015852.jpg,2,1
train_014144.jpg,2,1
train_015300.jpg,2,1
train_009909.jpg,0,0
train_013458.jpg,2,0
train_007479.jpg,2,1
train_015098.jpg,1,1
train_008470.jpg,2,1
train_003359.jpg,2,0
train_002264.jpg,2,1
train_014622.jpg,2,1
train_001823.jpg,2,1
train_003864.jpg,2,1
train_001665.jpg,0,1
train_013625.jpg,2,1
train_015466.jpg,2,1
train_003963.jpg,2,1
train_006290.jpg,1,1
train_002347.jpg,2,1
train_009369.jpg,2,1
train_009233.jpg,2,1
train_005122.jpg,1,1
train_015715.jpg,2,1
train_014525.jpg,1,1
train_002221.jpg,0,1
train_012984.jpg,2,0
train_006886.jpg,2,1
train_000976.jpg,2,1
train_003881.jpg,1,1
train_014789.jpg,0,1
train_004905.jpg,0,1
train_005259.jpg,0,0
train_003629.jpg,2,1
train_014405.jpg,2,1
train_000304.jpg,0,1
train_015724.jpg,1,1
train_002280.jpg,2,1
train_006212.jpg,2,1
train_000463.jpg,2,1
train_008597.jpg,2,1
train_002138.jpg,2,1
train_006631.jpg,2,1
train_009101.jpg,2,1
train_014252.jpg,2,1
train_010512.jpg,1,1
train_006570.jpg,2,1
train_012119.jpg,2,1
train_015501.jpg,1,1
train_006621.jpg,2,1
train_015248.jpg,2,1
train_015800.jpg,2,1
train_008607.jpg,1,1
train_011995.jpg,2,1
train_002798.jpg,2,1
train_016406.jpg,2,1
train_006589.jpg,1,1
train_001064.jpg,2,1
train_001552.jpg,2,1
train_010803.jpg,2,1
train_000981.jpg,1,1
train_004166.jpg,2,1
train_016298.jpg,2,1
train_009859.jpg,2,1
train_010095.jpg,2,0
train_007326.jpg,1,1
train_004199.jpg,1,0
train_004655.jpg,2,1
train_005669.jpg,2,1
train_010578.jpg,2,1
train_014676.jpg,1,1
train_004759.jpg,2,1
train_014872.jpg,2,1
train_000511.jpg,2,0
train_013657.jpg,2,1
train_002540.jpg,2,1
train_013303.jpg,1,1
train_011441.jpg,1,1
train_014708.jpg,0,0
train_007097.jpg,2,1
train_014791.jpg,2,1
train_014806.jpg,2,1
train_004213.jpg,2,0
train_005666.jpg,2,1
train_013096.jpg,2,1
train_000650.jpg,2,1
train_003937.jpg,0,1
train_003577.jpg,2,1
train_008722.jpg,2,1
train_003514.jpg,2,1
train_000393.jpg,2,1
train_014373.jpg,2,1
train_015388.jpg,2,1
train_000398.jpg,1,1
train_005789.jpg,2,1
train_015340.jpg,1,1
train_002654.jpg,1,1
train_010718.jpg,2,1
train_011668.jpg,2,0
train_001498.jpg,1,1
train_008059.jpg,2,1
train_000514.jpg,2,1
train_003814.jpg,1,1
train_009890.jpg,0,0
train_004896.jpg,2,1
train_012410.jpg,2,1
train_001706.jpg,2,1
train_009666.jpg,2,1
train_006928.jpg,2,1
train_003976.jpg,0,1
train_003065.jpg,2,1
train_013778.jpg,2,0
train_014032.jpg,2,1
train_004901.jpg,2,1
train_004481.jpg,2,1
train_001765.jpg,2,1
train_004605.jpg,0,0
train_009757.jpg,1,1
train_011013.jpg,2,1
train_009359.jpg,2,1
train_002913.jpg,2,1
train_002835.jpg,2,1
train_006620.jpg,2,1
train_004981.jpg,2,1
train_015160.jpg,2,1
train_014863.jpg,0,0
train_007480.jpg,0,1
train_002005.jpg,2,1
train_013780.jpg,2,1
train_009554.jpg,0,1
train_014241.jpg,2,1
train_007184.jpg,1,0
train_016322.jpg,1,1
train_002775.jpg,1,1
train_000967.jpg,1,1
train_009036.jpg,0,1
train_012882.jpg,2,1
train_006989.jpg,2,1
train_014156.jpg,2,1
train_003510.jpg,2,1
train_012188.jpg,2,0
train_010105.jpg,2,1
train_015973.jpg,1,1
train_002211.jpg,2,1
train_013363.jpg,1,1
train_015712.jpg,2,1
train_015957.jpg,0,0
train_005290.jpg,2,1
train_008365.jpg,2,1
train_014949.jpg,1,0
train_001964.jpg,0,1
train_002034.jpg,2,1
train_011644.jpg,2,1
train_007066.jpg,2,0
train_010774.jpg,2,0
train_012274.jpg,0,1
train_013370.jpg,0,0
train_010566.jpg,2,1
train_003847.jpg,0,0
train_001177.jpg,2,1
train_001896.jpg,2,1
train_010898.jpg,2,1
train_008838.jpg,2,0
train_013240.jpg,2,1
train_009225.jpg,2,1
train_002182.jpg,2,1
train_005094.jpg,0,1
train_010215.jpg,2,1
train_009150.jpg,2,1
train_001087.jpg,0,0
train_001772.jpg,2,1
train_002690.jpg,2,1
train_012160.jpg,2,0
train_008629.jpg,2,1
train_005645.jpg,2,1
train_009186.jpg,2,1
train_004755.jpg,2,1
train_012451.jpg,2,1
train_015234.jpg,2,0
train_000014.jpg,1,1
train_000821.jpg,2,0
train_004341.jpg,2,1
train_004152.jpg,2,1
train_002054.jpg,2,1
train_013181.jpg,2,1
train_011877.jpg,2,1
train_001241.jpg,2,1
train_002951.jpg,1,1
train_014372.jpg,2,0
train_015103.jpg,1,0
train_014017.jpg,2,1
train_007473.jpg,2,1
train_014772.jpg,1,1
train_015274.jpg,2,1
train_015524.jpg,2,1
train_003360.jpg,2,1
train_002012.jpg,2,1
train_007565.jpg,2,0
train_015941.jpg,2,1
train_012552.jpg,2,1
train_009220.jpg,2,1
train_012326.jpg,2,1
train_007558.jpg,1,1
train_012767.jpg,0,0
train_016385.jpg,2,1
train_005266.jpg,2,1
train_007064.jpg,1,1
train_001339.jpg,2,1
train_013616.jpg,2,1
train_013529.jpg,2,1
train_006470.jpg,2,1
train_013690.jpg,2,1
train_007530.jpg,1,1
train_000676.jpg,2,1
train_005904.jpg,0,1
train_003882.jpg,2,1
train_009600.jpg,2,1
train_013437.jpg,1,1
train_013016.jpg,0,0
train_000660.jpg,2,1
train_000888.jpg,0,1
train_004504.jpg,0,0
train_014393.jpg,2,1
train_006945.jpg,2,0
train_004282.jpg,2,1
train_004175.jpg,2,1
train_013218.jpg,1,1
train_004418.jpg,2,1
train_010756.jpg,0,1
train_010096.jpg,0,1
train_015980.jpg,2,1
train_015453.jpg,2,1
train_000517.jpg,2,1
train_001538.jpg,0,1
train_002720.jpg,2,1
train_008769.jpg,2,1
train_009849.jpg,1,1
train_012944.jpg,2,0
train_007462.jpg,1,1
train_000124.jpg,0,1
train_014036.jpg,1,1
train_000757.jpg,2,1
train_000300.jpg,2,1
train_003947.jpg,2,1
train_002525.jpg,2,1
train_003303.jpg,1,1
train_005618.jpg,2,0
train_008243.jpg,1,0
train_013845.jpg,2,1
train_012350.jpg,1,1
train_007762.jpg,2,1
train_015658.jpg,2,1
train_015117.jpg,2,1
train_006937.jpg,1,1
train_007702.jpg,1,1
train_012122.jpg,2,1
train_015652.jpg,1,1
train_016084.jpg,2,1
train_000927.jpg,2,1
train_007296.jpg,2,1
train_013158.jpg,2,1
train_015366.jpg,2,1
train_001553.jpg,2,1
train_004412.jpg,2,0
train_011181.jpg,1,1
train_005917.jpg,2,1
train_005503.jpg,2,1
train_001821.jpg,1,1
train_012480.jpg,0,1
train_008040.jpg,0,0
train_005928.jpg,0,1
train_002449.jpg,2,1
train_016034.jpg,2,1
train_007451.jpg,2,1
train_015845.jpg,0,1
train_002892.jpg,1,1
train_001431.jpg,1,1
train_000526.jpg,2,1
train_014360.jpg,0,1
train_011082.jpg,2,1
train_001237.jpg,2,1
train_003417.jpg,2,1
train_006721.jpg,1,1
train_003464.jpg,2,0
train_010619.jpg,2,1
train_008504.jpg,2,1
train_004741.jpg,0,1
train_011333.jpg,2,1
train_009221.jpg,2,1
train_000921.jpg,2,1
train_001652.jpg,1,0
train_006075.jpg,2,1
train_014830.jpg,2,1
train_011408.jpg,2,1
train_009320.jpg,2,1
train_014105.jpg,2,1
train_000440.jpg,2,1
train_001077.jpg,2,1
train_009967.jpg,1,0
train_007381.jpg,2,1
train_008466.jpg,2,1
train_013069.jpg,1,1
train_007918.jpg,1,1
train_009937.jpg,2,1
train_007138.jpg,2,1
train_008772.jpg,2,1
train_013711.jpg,2,1
train_012517.jpg,2,1
train_014957.jpg,1,1
train_003743.jpg,2,0
train_009110.jpg,2,1
train_008451.jpg,1,1
train_015107.jpg,2,1
train_009521.jpg,2,1
train_004629.jpg,2,1
train_009717.jpg,2,1
train_009197.jpg,2,1
train_014894.jpg,2,1
train_001438.jpg,2,0
train_000004.jpg,1,0
train_008664.jpg,2,0
train_002671.jpg,2,1
train_010864.jpg,2,1
train_005991.jpg,1,1
train_015900.jpg,2,1
train_010615.jpg,0,1
train_011092.jpg,2,1
train_011560.jpg,2,1
train_002438.jpg,2,1
train_012275.jpg,2,1
train_003252.jpg,2,1
train_014720.jpg,2,1
train_011537.jpg,2,1
train_005485.jpg,2,1
train_009795.jpg,2,1
train_006824.jpg,2,0
train_010938.jpg,2,1
train_007709.jpg,2,1
train_015617.jpg,2,1
train_002359.jpg,2,1
train_014934.jpg,2,1
train_015035.jpg,2,1
train_010508.jpg,2,1
train_015889.jpg,2,1
train_010299.jpg,2,1
train_010537.jpg,0,1
train_008150.jpg,1,1
train_008114.jpg,1,0
train_008442.jpg,2,0
train_004770.jpg,2,1
train_008173.jpg,2,1
train_016182.jpg,1,1
train_005520.jpg,2,1
train_013301.jpg,2,1
train_001284.jpg,2,1
train_004764.jpg,2,1
train_003230.jpg,2,1
train_016421.jpg,1,1
train_009806.jpg,2,1
train_011378.jpg,0,1
train_003049.jpg,2,1
train_009277.jpg,2,1
train_011652.jpg,2,1
train_004807.jpg,0,0
train_010635.jpg,1,1
train_007912.jpg,0,1
train_008828.jpg,2,1
train_012669.jpg,2,1
train_007010.jpg,0,1
train_001337.jpg,2,0
train_003099.jpg,1,1
train_009435.jpg,1,1
train_008756.jpg,1,1
train_009292.jpg,2,0
train_009216.jpg,2,1
train_002903.jpg,2,1
train_014166.jpg,2,1
train_003516.jpg,2,0
train_004041.jpg,1,1
train_009426.jpg,2,0
train_010724.jpg,0,0
train_008544.jpg,2,1
train_004925.jpg,2,1
train_005183.jpg,1,1
train_015836.jpg,1,1
train_005424.jpg,0,1
train_015400.jpg,1,0
train_004790.jpg,2,1
train_008684.jpg,2,0
train_004665.jpg,2,1
train_009294.jpg,2,0
train_003499.jpg,2,1
train_008581.jpg,2,1
train_015418.jpg,2,1
train_010209.jpg,0,1
train_000770.jpg,0,0
train_004583.jpg,0,1
train_009333.jpg,0,1
train_015954.jpg,2,1
train_013992.jpg,2,1
train_000265.jpg,0,1
train_005763.jpg,1,1
train_000115.jpg,1,0
train_001464.jpg,2,1
train_007883.jpg,2,1
train_010738.jpg,2,1
train_003893.jpg,2,1
train_015792.jpg,2,1
train_015230.jpg,2,0
train_000887.jpg,2,1
train_004059.jpg,1,0
train_002563.jpg,1,0
train_012514.jpg,2,1
train_001123.jpg,2,1
train_013073.jpg,2,1
train_004750.jpg,2,1
train_016305.jpg,2,0
train_015914.jpg,1,0
train_013630.jpg,2,1
train_002096.jpg,2,1
train_012692.jpg,2,1
train_015479.jpg,0,1
train_005102.jpg,2,1
train_013901.jpg,0,0
train_013850.jpg,0,1
train_014497.jpg,1,1
train_003111.jpg,2,1
train_014793.jpg,2,1
train_005608.jpg,2,1
train_012310.jpg,2,1
train_008358.jpg,2,1
train_016315.jpg,1,1
train_012363.jpg,2,1
train_001758.jpg,2,1
train_008912.jpg,2,1
train_006955.jpg,2,1
train_009654.jpg,1,1
train_004385.jpg,0,1
train_011775.jpg,0,1
train_001340.jpg,0,0
train_015520.jpg,0,0
train_001901.jpg,2,1
train_015133.jpg,2,1
train_005215.jpg,2,0
train_000372.jpg,2,1
train_002306.jpg,2,1
train_015127.jpg,2,1
train_012593.jpg,0,0
train_012988.jpg,1,1
train_006175.jpg,0,1
train_003429.jpg,2,1
train_014486.jpg,2,1
train_010980.jpg,1,1
train_015305.jpg,2,1
train_010184.jpg,2,1
train_011159.jpg,2,1
train_007604.jpg,0,0
train_013532.jpg,2,1
train_016005.jpg,1,1
train_012634.jpg,2,1
train_009248.jpg,2,1
train_009416.jpg,0,0
train_004911.jpg,2,1
train_002723.jpg,2,1
train_008178.jpg,1,1
train_015438.jpg,2,1
train_004150.jpg,2,1
train_002396.jpg,0,1
train_002011.jpg,2,0
train_002945.jpg,0,0
train_006468.jpg,2,0
train_009081.jpg,1,1
train_005105.jpg,1,1
train_000289.jpg,2,1
train_015205.jpg,2,1
train_015255.jpg,0,1
train_007168.jpg,1,1
train_003305.jpg,2,1
train_014507.jpg,2,1
train_000959.jpg,2,1
train_010799.jpg,2,1
train_001632.jpg,2,1
train_016044.jpg,2,1
train_013379.jpg,2,1
train_011163.jpg,1,1
train_009152.jpg,2,1
train_006943.jpg,2,1
train_014180.jpg,1,1
train_006308.jpg,2,1
train_002725.jpg,2,1
train_003698.jpg,2,1
train_007684.jpg,2,0
train_012085.jpg,2,1
train_012549.jpg,2,1
train_008402.jpg,2,1
train_007744.jpg,2,0
train_011563.jpg,1,1
train_000716.jpg,2,1
train_007543.jpg,2,1
train_013464.jpg,2,1
train_006043.jpg,0,0
train_012799.jpg,2,1
train_004326.jpg,2,1
train_004039.jpg,2,1
train_004834.jpg,2,1
train_008171.jpg,2,1
train_012179.jpg,1,1
train_002617.jpg,2,1
train_014985.jpg,2,1
train_006269.jpg,2,1
train_016416.jpg,2,1
train_008853.jpg,1,0
train_000872.jpg,1,0
train_005957.jpg,2,1
train_006257.jpg,1,1
train_010631.jpg,2,1
train_003657.jpg,2,1
train_001846.jpg,2,0
train_007757.jpg,2,1
train_006016.jpg,2,1
train_008694.jpg,2,1
train_000516.jpg,1,1
train_011462.jpg,2,1
train_012490.jpg,2,1
train_011400.jpg,2,1
train_012958.jpg,2,1
train_016328.jpg,2,1
train_014394.jpg,2,1
train_009629.jpg,1,1
train_007496.jpg,2,1
train_005810.jpg,2,1
train_010760.jpg,2,1
train_000010.jpg,2,1
train_003961.jpg,2,1
train_012037.jpg,1,1
train_003727.jpg,2,1
train_003588.jpg,0,0
train_014356.jpg,0,1
train_015939.jpg,2,1
train_002506.jpg,1,1
train_000607.jpg,2,1
train_008998.jpg,2,1
train_014531.jpg,2,1
train_008516.jpg,0,1
train_008415.jpg,2,1
train_009557.jpg,1,1
train_010682.jpg,2,1
train_000235.jpg,2,1
train_010183.jpg,2,1
train_006527.jpg,1,1
train_004082.jpg,2,1
train_010924.jpg,2,1
train_007817.jpg,0,1
train_007389.jpg,2,1
train_004865.jpg,1,0
train_006580.jpg,2,1
train_003471.jpg,2,1
train_010992.jpg,2,1
train_012104.jpg,1,1
train_002727.jpg,0,1
train_010899.jpg,2,1
train_011412.jpg,2,1
train_009635.jpg,1,1
train_016141.jpg,2,1
train_000694.jpg,2,1
train_009619.jpg,0,1
train_009119.jpg,0,1
train_008380.jpg,1,1
train_013959.jpg,2,0
train_003115.jpg,2,1
train_010504.jpg,2,1
train_008431.jpg,2,1
train_006634.jpg,2,1
train_003876.jpg,2,1
train_006929.jpg,0,1
train_009443.jpg,2,1
train_003869.jpg,2,1
train_008677.jpg,2,1
train_001489.jpg,2,1
train_006647.jpg,2,1
train_014274.jpg,2,1
train_001649.jpg,2,1
train_006399.jpg,1,1
train_013298.jpg,2,1
train_006890.jpg,2,1
train_007807.jpg,2,1
train_005003.jpg,2,1
train_003754.jpg,0,1
train_002883.jpg,2,1
train_007020.jpg,2,0
train_013351.jpg,2,1
train_010246.jpg,1,1
train_004384.jpg,1,1
train_004193.jpg,0,1
train_000707.jpg,2,1
train_015145.jpg,0,1
train_004147.jpg,2,1
train_016276.jpg,1,1
train_001897.jpg,1,1
train_014813.jpg,2,1
train_004763.jpg,2,1
train_002148.jpg,2,1
train_002626.jpg,2,1
train_003586.jpg,2,1
train_014137.jpg,0,1
train_014745.jpg,2,1
train_005959.jpg,2,1
train_003974.jpg,1,0
train_016138.jpg,2,1
train_014832.jpg,2,1
train_003604.jpg,2,1
train_010928.jpg,2,1
train_015073.jpg,1,1
train_007644.jpg,2,1
train_014454.jpg,2,1
train_012322.jpg,2,1
train_000545.jpg,1,1
train_014125.jpg,2,1
train_008109.jpg,2,1
train_000965.jpg,0,0
train_006723.jpg,2,1
train_002965.jpg,0,0
train_016339.jpg,2,1
train_014254.jpg,2,1
train_002703.jpg,2,1
train_010318.jpg,2,1
train_002210.jpg,2,0
train_008506.jpg,2,1
train_008501.jpg,0,1
train_004086.jpg,1,1
train_010233.jpg,2,1
train_013324.jpg,2,1
train_009964.jpg,2,1
train_014242.jpg,1,1
train_000325.jpg,0,1
train_002548.jpg,1,1
train_013874.jpg,2,1
train_002910.jpg,0,1
train_007235.jpg,2,1
train_003466.jpg,2,1
train_008974.jpg,2,1
train_015553.jpg,1,1
train_014415.jpg,2,1
train_012829.jpg,1,0
train_012509.jpg,2,1
train_004616.jpg,2,1
train_016008.jpg,2,1
train_009883.jpg,0,1
train_007276.jpg,2,1
train_009467.jpg,2,1
train_001753.jpg,2,1
train_015424.jpg,2,0
train_010180.jpg,2,1
train_014473.jpg,2,1
train_013834.jpg,2,1
train_011134.jpg,2,1
train_009493.jpg,1,1
train_002829.jpg,1,1
train_011881.jpg,1,1
train_005804.jpg,0,1
train_010945.jpg,0,1
train_014281.jpg,2,0
train_005111.jpg,2,1
train_008692.jpg,2,1
train_005570.jpg,2,1
train_009613.jpg,0,0
train_006159.jpg,2,1
train_000217.jpg,2,0
train_004600.jpg,0,1
train_008654.jpg,1,1
train_009205.jpg,2,1
train_000323.jpg,2,1
train_013443.jpg,2,1
train_003160.jpg,2,1
train_006591.jpg,2,1
train_010252.jpg,0,0
train_016306.jpg,2,1
train_007629.jpg,0,1
train_007478.jpg,2,1
train_013176.jpg,2,1
train_015011.jpg,2,1
train_013736.jpg,0,1
train_012058.jpg,1,1
train_015759.jpg,2,1
train_011534.jpg,2,1
train_014058.jpg,0,1
train_014079.jpg,2,1
train_006151.jpg,0,1
train_014785.jpg,1,1
train_000326.jpg,2,1
train_003386.jpg,2,1
train_011866.jpg,2,0
train_008688.jpg,2,1
train_012021.jpg,1,1
train_003046.jpg,1,1
train_003264.jpg,0,1
train_014027.jpg,2,1
train_000394.jpg,2,1
train_010943.jpg,2,1
train_011864.jpg,2,1
train_004934.jpg,2,1
train_012719.jpg,1,1
train_001384.jpg,0,1
train_005976.jpg,2,1
train_003085.jpg,0,1
train_007176.jpg,0,1
train_015749.jpg,1,1
train_008182.jpg,0,0
train_015436.jpg,2,1
train_002111.jpg,0,1
train_000583.jpg,2,0
train_012898.jpg,2,1
train_009858.jpg,2,1
train_007350.jpg,2,1
train_003866.jpg,2,1
train_010592.jpg,2,1
train_002331.jpg,2,1
train_009572.jpg,0,0
train_004356.jpg,2,1
train_012006.jpg,2,1
train_013808.jpg,1,1
train_007080.jpg,2,1
train_016004.jpg,2,1
train_000475.jpg,2,1
train_010815.jpg,2,1
train_011084.jpg,2,1
train_013844.jpg,2,1
train_010045.jpg,2,1
train_001017.jpg,1,1
train_004469.jpg,2,1
train_003766.jpg,2,1
train_004859.jpg,1,1
train_013375.jpg,2,1
train_000353.jpg,2,1
train_010627.jpg,0,1
train_008152.jpg,2,1
train_009415.jpg,2,1
train_009489.jpg,2,1
train_011721.jpg,2,1
train_004266.jpg,2,1
train_000314.jpg,1,0
train_007062.jpg,0,1
train_010651.jpg,0,0
train_003503.jpg,2,1
train_007572.jpg,0,0
train_007301.jpg,2,1
train_012792.jpg,2,1
train_002589.jpg,0,1
train_012427.jpg,0,0
train_009989.jpg,2,1
train_001811.jpg,2,0
train_013101.jpg,2,1
train_015295.jpg,2,0
train_006061.jpg,0,0
train_006934.jpg,2,1
train_004452.jpg,0,1
train_011618.jpg,2,1
train_008458.jpg,0,1
train_007750.jpg,2,1
train_006042.jpg,0,1
train_002474.jpg,1,1
train_012284.jpg,2,0
train_010368.jpg,2,1
train_015309.jpg,0,1
train_005916.jpg,2,1
train_008745.jpg,2,1
train_014484.jpg,2,0
train_016218.jpg,2,1
train_010351.jpg,2,1
train_006055.jpg,2,1
train_012040.jpg,1,1
train_009720.jpg,2,0
train_010448.jpg,2,1
train_004310.jpg,2,0
train_012389.jpg,0,1
train_011132.jpg,2,1
train_000787.jpg,0,1
train_015842.jpg,0,1
train_010472.jpg,2,1
train_013015.jpg,1,1
train_006341.jpg,2,1
train_001918.jpg,1,0
train_014876.jpg,2,0
train_002630.jpg,0,0
train_005239.jpg,2,1
train_015931.jpg,2,1
train_006671.jpg,2,0
train_009242.jpg,2,1
train_008205.jpg,2,0
train_007490.jpg,2,1
train_013422.jpg,0,1
train_010579.jpg,2,1
train_007655.jpg,0,1
train_002672.jpg,2,1
train_009441.jpg,2,1
train_013889.jpg,1,1
train_003300.jpg,2,1
train_008328.jpg,2,1
train_007365.jpg,2,1
train_003558.jpg,2,1
train_007551.jpg,2,1
train_015018.jpg,1,1
train_000939.jpg,2,1
train_001783.jpg,2,1
train_014487.jpg,2,1
train_002997.jpg,2,1
train_004673.jpg,2,1
train_015373.jpg,2,1
train_004156.jpg,0,0
train_008448.jpg,2,1
train_009344.jpg,1,1
train_008676.jpg,2,1
train_008186.jpg,2,0
train_009688.jpg,2,1
train_001544.jpg,0,0
train_015802.jpg,2,1
train_006169.jpg,0,0
train_008361.jpg,2,0
train_002258.jpg,0,1
train_016336.jpg,1,1
train_008863.jpg,1,0
train_003352.jpg,2,0
train_007059.jpg,0,0
train_014736.jpg,2,1
train_006629.jpg,1,0
train_005375.jpg,1,1
train_007578.jpg,2,1
train_009605.jpg,1,1
train_013234.jpg,0,0
train_001351.jpg,2,1
train_003651.jpg,2,1
train_015687.jpg,1,1
train_001402.jpg,1,1
train_004643.jpg,0,1
train_000070.jpg,0,0
train_013233.jpg,2,1
train_004640.jpg,2,0
train_005050.jpg,1,1
train_007488.jpg,0,0
train_003932.jpg,1,1
train_013005.jpg,0,0
train_011510.jpg,2,1
train_000328.jpg,2,1
train_009567.jpg,2,1
train_013867.jpg,1,1
train_013705.jpg,2,1
train_005150.jpg,1,1
train_000995.jpg,0,1
train_008592.jpg,2,1
train_014330.jpg,2,1
train_012627.jpg,2,1
train_015487.jpg,2,1
train_000791.jpg,2,1
train_008043.jpg,2,1
train_011950.jpg,2,1
train_006101.jpg,1,1
train_011496.jpg,1,1
train_002666.jpg,1,1
train_004533.jpg,2,0
train_003422.jpg,0,1
train_001525.jpg,2,1
train_015902.jpg,1,1
train_011684.jpg,2,1
train_000449.jpg,2,1
train_013222.jpg,1,1
train_008377.jpg,1,1
train_003318.jpg,2,1
train_005314.jpg,2,1
train_000017.jpg,1,1
train_003929.jpg,2,1
train_010192.jpg,0,0
train_009182.jpg,0,1
train_015395.jpg,2,1
train_011485.jpg,2,1
train_010124.jpg,2,1
train_000183.jpg,2,1
train_012584.jpg,2,0
train_001161.jpg,1,1
train_001154.jpg,1,1
train_004449.jpg,2,1
train_000113.jpg,2,0
train_007518.jpg,2,0
train_011286.jpg,2,1
train_001144.jpg,0,1
train_012135.jpg,2,1
train_004174.jpg,2,1
train_008498.jpg,1,1
train_002489.jpg,1,0
train_007086.jpg,2,1
train_002893.jpg,1,1
train_006974.jpg,2,1
train_002492.jpg,2,0
train_001745.jpg,2,1
train_012981.jpg,1,1
train_000110.jpg,2,1
train_006344.jpg,1,1
train_015053.jpg,1,1
train_015979.jpg,2,1
train_004613.jpg,2,1
train_012543.jpg,0,1
train_005653.jpg,2,1
train_009553.jpg,0,1
train_013238.jpg,2,0
train_012576.jpg,2,1
train_014010.jpg,2,1
train_009647.jpg,1,1
train_005549.jpg,2,1
train_016109.jpg,2,1
train_015985.jpg,2,1
train_014858.jpg,2,1
train_010735.jpg,2,1
train_011157.jpg,2,1
train_008316.jpg,2,1
train_005947.jpg,2,1
train_011627.jpg,2,1
train_005613.jpg,2,1
train_008669.jpg,2,1
train_011535.jpg,2,1
train_003958.jpg,1,0
train_007384.jpg,1,1
train_009862.jpg,2,1
train_008419.jpg,2,1
train_001530.jpg,0,1
train_006165.jpg,0,0
train_012523.jpg,0,1
train_008652.jpg,2,1
train_011889.jpg,2,1
train_013146.jpg,2,1
train_002653.jpg,2,1
train_004167.jpg,2,1
train_015314.jpg,2,1
train_002004.jpg,2,0
train_015124.jpg,2,1
train_010549.jpg,0,1
train_010868.jpg,2,0
train_001752.jpg,1,1
train_012074.jpg,2,1
train_006136.jpg,0,0
train_015662.jpg,2,1
train_001664.jpg,2,1
train_004269.jpg,2,1
train_014159.jpg,0,0
train_006964.jpg,2,1
train_012159.jpg,2,1
train_011376.jpg,2,1
train_011927.jpg,2,1
train_013828.jpg,0,0
train_007422.jpg,2,1
train_015722.jpg,2,1
train_007361.jpg,0,1
train_015216.jpg,1,0
train_009692.jpg,1,1
train_000553.jpg,0,1
train_004029.jpg,0,0
train_014374.jpg,2,1
train_010450.jpg,2,1
train_003251.jpg,0,1
train_015077.jpg,2,0
train_004168.jpg,1,1
train_000404.jpg,1,1
train_006996.jpg,2,1
train_014459.jpg,2,1
train_004566.jpg,2,1
train_009674.jpg,0,0
train_000527.jpg,0,1
train_010513.jpg,2,1
train_012506.jpg,2,1
train_013338.jpg,2,1
train_014900.jpg,1,1
train_011066.jpg,2,0
train_007212.jpg,2,1
train_004161.jpg,2,1
train_008704.jpg,1,1
train_005826.jpg,2,1
train_015733.jpg,2,1
train_009289.jpg,0,0
train_010383.jpg,1,0
train_003083.jpg,2,1
train_006977.jpg,1,1
train_015038.jpg,2,1
train_007106.jpg,2,1
train_006110.jpg,2,1
train_004498.jpg,2,1
train_008125.jpg,2,1
train_013939.jpg,1,1
train_007352.jpg,0,1
train_011456.jpg,0,0
train_003168.jpg,2,1
train_016242.jpg,2,1
train_005833.jpg,1,1
train_006418.jpg,1,1
train_004779.jpg,1,1
train_008696.jpg,1,1
train_001701.jpg,2,1
train_012840.jpg,2,1
train_003381.jpg,2,1
train_016033.jpg,0,1
train_015989.jpg,0,1
train_010043.jpg,2,1
train_004966.jpg,2,1
train_011026.jpg,2,0
train_010606.jpg,2,1
train_014854.jpg,2,1
train_004433.jpg,2,1
train_005396.jpg,2,0
train_002203.jpg,1,1
train_008892.jpg,2,1
train_002334.jpg,2,1
train_003445.jpg,1,1
train_000663.jpg,2,1
train_000596.jpg,2,1
train_012749.jpg,2,1
train_010137.jpg,2,1
train_012007.jpg,2,1
train_005414.jpg,1,1
train_006142.jpg,2,1
train_003442.jpg,0,0
train_015138.jpg,1,1
train_010016.jpg,2,1
train_004698.jpg,2,1
train_012739.jpg,2,1
train_010510.jpg,2,1
train_014186.jpg,2,1
train_008905.jpg,1,1
train_000854.jpg,2,1
train_000033.jpg,1,1
train_011562.jpg,2,1
train_008913.jpg,0,1
train_003718.jpg,2,1
train_007743.jpg,0,1
train_015386.jpg,2,1
train_005647.jpg,2,1
train_010300.jpg,2,1
train_015288.jpg,2,1
train_005890.jpg,1,0
train_014517.jpg,1,1
train_011341.jpg,2,1
train_009184.jpg,2,1
train_000049.jpg,1,1
train_003759.jpg,2,1
train_000507.jpg,2,1
train_014999.jpg,2,1
train_004634.jpg,2,1
train_000254.jpg,2,1
train_010251.jpg,2,1
train_009350.jpg,2,1
train_013307.jpg,1,1
train_009957.jpg,2,1
train_010777.jpg,1,1
train_006689.jpg,2,1
train_011743.jpg,2,1
train_007008.jpg,1,1
train_011016.jpg,1,0
train_001955.jpg,2,1
train_008009.jpg,0,1
train_013505.jpg,1,1
train_007971.jpg,0,0
train_013537.jpg,0,1
train_009093.jpg,2,1
train_005762.jpg,2,1
train_007019.jpg,2,1
train_000783.jpg,2,1
train_000342.jpg,2,1
train_008515.jpg,1,1
train_015795.jpg,2,1
train_001500.jpg,2,1
train_010748.jpg,2,1
train_015568.jpg,2,1
train_006892.jpg,2,1
train_003875.jpg,1,1
train_015080.jpg,2,1
train_003028.jpg,2,1
train_002774.jpg,2,1
train_004317.jpg,2,1
train_014998.jpg,0,1
train_001472.jpg,2,1
train_008503.jpg,2,1
train_010035.jpg,2,1
train_000849.jpg,2,1
train_012542.jpg,2,1
train_016284.jpg,0,1
train_015810.jpg,1,1
train_003500.jpg,0,0
train_010049.jpg,1,0
train_003946.jpg,0,0
train_015766.jpg,2,1
train_001866.jpg,1,1
train_003011.jpg,0,1
train_002070.jpg,2,1
train_004205.jpg,1,1
train_000763.jpg,1,1
train_002772.jpg,2,1
train_002062.jpg,2,1
train_011189.jpg,2,1
train_011558.jpg,2,0
train_014081.jpg,0,0
train_010110.jpg,1,1
train_004753.jpg,2,1
train_007117.jpg,2,1
train_008000.jpg,2,1
train_003350.jpg,2,1
train_006859.jpg,2,1
train_009074.jpg,2,1
train_015379.jpg,0,1
train_013647.jpg,2,0
train_008175.jpg,2,1
train_013675.jpg,2,1
train_011651.jpg,1,1
train_013707.jpg,2,1
train_006541.jpg,2,1
train_005407.jpg,2,1
train_011884.jpg,2,1
train_015125.jpg,1,0
train_007537.jpg,0,1
train_015659.jpg,1,1
train_000363.jpg,2,1
train_010833.jpg,1,1
train_010005.jpg,2,1
train_009145.jpg,2,1
train_010998.jpg,2,1
train_006545.jpg,2,1
train_011418.jpg,2,1
train_002244.jpg,2,1
train_000881.jpg,2,1
train_001208.jpg,2,0
train_006938.jpg,1,1
train_011199.jpg,0,0
train_005106.jpg,2,1
train_007209.jpg,0,0
train_005681.jpg,1,1
train_006758.jpg,2,1
train_008523.jpg,2,1
train_007774.jpg,2,1
train_007316.jpg,2,1
train_015650.jpg,1,1
train_009686.jpg,2,1
train_012047.jpg,1,1
train_004491.jpg,2,1
train_000903.jpg,2,1
train_006015.jpg,2,1
train_005702.jpg,0,0
train_002709.jpg,0,1
train_010791.jpg,2,1
train_001610.jpg,0,0
train_000202.jpg,1,1
train_009897.jpg,1,1
train_001301.jpg,1,1
train_000600.jpg,1,1
train_005297.jpg,1,1
train_015376.jpg,1,1
train_006692.jpg,2,1
train_000951.jpg,2,1
train_007377.jpg,0,0
train_014726.jpg,0,1
train_004362.jpg,1,1
train_004352.jpg,2,1
train_011273.jpg,2,1
train_002686.jpg,2,1
train_003533.jpg,2,1
train_010616.jpg,2,1
train_015496.jpg,1,1
train_014980.jpg,1,0
train_005390.jpg,2,1
train_005846.jpg,0,0
train_014763.jpg,1,1
train_014825.jpg,2,1
train_008589.jpg,1,0
train_016089.jpg,2,1
train_008609.jpg,2,1
train_015130.jpg,2,1
train_008331.jpg,2,1
train_007994.jpg,2,1
train_013427.jpg,2,1
train_009083.jpg,2,0
train_008815.jpg,2,1
train_007291.jpg,0,0
train_015942.jpg,2,1
train_008681.jpg,1,0
train_009682.jpg,1,1
train_015247.jpg,2,1
train_006453.jpg,2,1
train_010380.jpg,2,1
train_008871.jpg,1,1
train_010241.jpg,2,1
train_010302.jpg,1,1
train_014285.jpg,1,1
train_009982.jpg,2,1
train_010453.jpg,2,1
train_008288.jpg,2,1
train_012624.jpg,2,1
train_002457.jpg,1,1
train_007072.jpg,2,1
train_007767.jpg,2,1
train_009151.jpg,1,1
train_004253.jpg,2,1
train_008758.jpg,1,0
train_015444.jpg,2,1
train_006641.jpg,2,1
train_002273.jpg,1,1
train_000984.jpg,2,1
train_012424.jpg,1,1
train_010262.jpg,1,1
train_004007.jpg,2,1
train_016415.jpg,2,1
train_000547.jpg,1,1
train_013131.jpg,2,1
train_007893.jpg,2,1
train_004303.jpg,1,1
train_013767.jpg,2,1
train_008027.jpg,2,1
train_006842.jpg,2,0
train_015109.jpg,1,1
train_013362.jpg,2,1
train_009951.jpg,2,1
train_000736.jpg,2,1
train_003755.jpg,2,1
train_015055.jpg,2,0
train_007585.jpg,2,1
train_011057.jpg,0,1
train_015142.jpg,0,0
train_001347.jpg,1,1
train_000152.jpg,2,1
train_008626.jpg,2,1
train_011570.jpg,2,1
train_011835.jpg,2,1
train_008075.jpg,0,1
train_005825.jpg,1,0
train_004539.jpg,1,1
train_013042.jpg,2,1
train_015219.jpg,0,0
train_015212.jpg,1,1
train_009994.jpg,2,1
train_000711.jpg,0,0
train_014112.jpg,2,1
train_010348.jpg,0,0
train_000727.jpg,1,1
train_003838.jpg,1,1
train_004219.jpg,2,1
train_001113.jpg,2,1
train_001437.jpg,0,0
train_000819.jpg,2,0
train_005453.jpg,1,1
train_009956.jpg,2,1
train_004689.jpg,2,1
train_013775.jpg,2,1
train_010543.jpg,0,0
train_003870.jpg,0,1
train_002956.jpg,1,1
train_012474.jpg,2,1
train_013648.jpg,2,1
train_012725.jpg,2,1
train_011191.jpg,0,1
train_002648.jpg,1,1
train_001079.jpg,2,1
train_010337.jpg,1,1
train_005225.jpg,2,1
train_002050.jpg,2,1
train_013030.jpg,2,1
train_012831.jpg,2,1
train_004778.jpg,2,1
train_007247.jpg,2,1
train_015624.jpg,2,1
train_014666.jpg,2,1
train_012221.jpg,1,1
train_011958.jpg,1,1
train_009873.jpg,2,0
train_008645.jpg,0,1
train_015096.jpg,0,1
train_009338.jpg,0,0
train_005309.jpg,2,1
train_005457.jpg,2,1
train_006664.jpg,2,1
train_015767.jpg,2,1
train_009114.jpg,2,1
train_002514.jpg,2,1
train_005871.jpg,2,1
train_008203.jpg,1,1
train_009258.jpg,0,0
train_006802.jpg,2,1
train_001320.jpg,2,1
train_004593.jpg,2,1
train_011965.jpg,0,0
train_015187.jpg,1,1
train_010730.jpg,2,1
train_011626.jpg,2,1
train_001966.jpg,2,1
train_010487.jpg,0,1
train_004233.jpg,2,1
train_007549.jpg,2,1
train_007387.jpg,2,1
train_002972.jpg,2,1
train_001699.jpg,2,1
train_008031.jpg,0,0
train_009355.jpg,2,1
train_010475.jpg,2,1
train_003551.jpg,2,1
train_007620.jpg,0,1
train_007740.jpg,2,1
train_014106.jpg,2,1
train_011892.jpg,2,1
train_008165.jpg,0,1
train_012697.jpg,2,1
train_012986.jpg,2,1
train_011600.jpg,2,1
train_003996.jpg,1,1
train_005035.jpg,2,1
train_010058.jpg,0,1
train_014424.jpg,2,1
train_002715.jpg,2,1
train_004615.jpg,2,1
train_015949.jpg,2,1
train_015326.jpg,0,1
train_002494.jpg,2,1
train_009468.jpg,2,1
train_013286.jpg,0,0
train_015630.jpg,1,1
train_007917.jpg,2,1
train_009213.jpg,0,1
train_012844.jpg,2,1
train_008834.jpg,1,0
train_010499.jpg,2,1
train_005595.jpg,0,0
train_001915.jpg,2,1
train_005100.jpg,0,1
train_014975.jpg,2,1
train_011850.jpg,0,0
train_009193.jpg,1,1
train_007348.jpg,2,1
train_011297.jpg,0,1
train_007220.jpg,0,0
train_011875.jpg,2,1
train_013186.jpg,2,1
train_005617.jpg,1,0
train_004396.jpg,1,1
train_000229.jpg,2,1
train_008423.jpg,2,1
train_010336.jpg,2,1
train_005657.jpg,2,1
train_013134.jpg,0,0
train_001311.jpg,1,1
train_005558.jpg,1,1
train_005351.jpg,0,0
train_003388.jpg,0,0
train_011415.jpg,2,1
train_001124.jpg,2,1
train_015976.jpg,2,1
train_007903.jpg,0,1
train_005067.jpg,2,1
train_002743.jpg,2,1
train_006654.jpg,2,1
train_004364.jpg,0,0
train_009105.jpg,2,1
train_005335.jpg,2,1
train_004808.jpg,0,0
train_010594.jpg,2,0
train_008988.jpg,2,1
train_006517.jpg,2,1
train_010876.jpg,2,1
train_002276.jpg,2,1
train_003714.jpg,2,1
train_015685.jpg,2,1
train_002950.jpg,2,1
train_008480.jpg,2,1
train_011006.jpg,2,1
train_005862.jpg,2,1
train_009531.jpg,2,1
train_015016.jpg,1,1
train_009796.jpg,2,1
train_004722.jpg,2,1
train_006113.jpg,0,1
train_006004.jpg,0,1
train_008879.jpg,2,1
train_006130.jpg,0,1
train_001892.jpg,2,1
train_014275.jpg,0,0
train_012640.jpg,2,1
train_009408.jpg,2,1
train_013205.jpg,2,1
train_002995.jpg,0,0
train_009087.jpg,1,1
train_013289.jpg,2,0
train_003023.jpg,1,1
train_001927.jpg,0,1
train_014018.jpg,0,1
train_014250.jpg,2,1
train_013162.jpg,2,1
train_011118.jpg,2,1
train_002680.jpg,1,0
train_008946.jpg,0,1
train_003457.jpg,2,1
train_014532.jpg,2,0
train_004501.jpg,1,1
train_007909.jpg,0,0
train_013385.jpg,0,0
train_005923.jpg,1,1
train_008130.jpg,2,1
train_015757.jpg,1,1
train_001983.jpg,2,0
train_000262.jpg,2,1
train_006725.jpg,0,1
train_015242.jpg,2,1
train_013152.jpg,2,1
train_005377.jpg,1,1
train_013224.jpg,2,1
train_008127.jpg,1,1
train_016003.jpg,2,1
train_013036.jpg,2,1
train_005497.jpg,2,1
train_007226.jpg,0,1
train_013380.jpg,2,1
train_013442.jpg,2,1
train_003205.jpg,2,1
train_013137.jpg,2,1
train_008459.jpg,1,1
train_004982.jpg,2,1
train_013890.jpg,2,1
train_001912.jpg,2,1
train_002433.jpg,1,1
train_002455.jpg,0,0
train_010378.jpg,1,1
train_013530.jpg,0,1
train_009241.jpg,1,1
train_000309.jpg,2,1
train_015609.jpg,2,1
train_003539.jpg,1,1
train_004084.jpg,2,1
train_012057.jpg,1,1
train_006710.jpg,2,1
train_007946.jpg,2,1
train_012153.jpg,2,1
train_005649.jpg,2,1
train_002194.jpg,2,1
train_011249.jpg,2,1
train_016061.jpg,2,1
train_013057.jpg,2,1
train_013609.jpg,2,1
train_013356.jpg,2,1
train_013975.jpg,2,1
train_009917.jpg,2,0
train_011402.jpg,1,1
train_005834.jpg,2,1
train_013716.jpg,2,1
train_006939.jpg,0,1
train_002724.jpg,2,1
train_000898.jpg,2,1
train_004358.jpg,2,1
train_002947.jpg,2,1
train_008840.jpg,2,1
train_004793.jpg,2,1
train_010643.jpg,2,1
train_008297.jpg,2,1
train_002634.jpg,2,1
train_014587.jpg,2,1
train_004512.jpg,2,1
train_001210.jpg,0,1
train_014970.jpg,2,1
train_015916.jpg,2,1
train_005204.jpg,0,1
train_004552.jpg,0,1
train_001168.jpg,2,1
train_006862.jpg,2,1
train_005854.jpg,2,1
train_013446.jpg,2,1
train_012036.jpg,2,1
train_009064.jpg,2,1
train_013132.jpg,2,1
train_007566.jpg,0,1
train_002084.jpg,0,0
train_001328.jpg,2,1
train_000210.jpg,1,1
train_011385.jpg,2,1
train_004102.jpg,2,1
train_009492.jpg,2,1
train_016096.jpg,2,1
train_014869.jpg,1,1
train_011848.jpg,1,1
train_004949.jpg,2,0
train_001242.jpg,1,1
train_016422.jpg,0,1
train_002142.jpg,1,1
train_011172.jpg,2,1
train_001860.jpg,2,1
train_005809.jpg,2,0
train_016029.jpg,2,1
train_004090.jpg,2,1
train_010408.jpg,2,1
train_002260.jpg,2,1
train_004893.jpg,1,1
train_010347.jpg,2,0
train_000078.jpg,0,1
train_004379.jpg,1,1
train_006606.jpg,1,0
train_001634.jpg,2,1
train_002158.jpg,1,1
train_008635.jpg,2,1
train_002579.jpg,2,1
train_011409.jpg,1,1
train_009134.jpg,2,1
train_007369.jpg,0,1
train_000279.jpg,2,1
train_014963.jpg,0,0
train_013453.jpg,1,1
train_003197.jpg,0,0
train_013378.jpg,2,1
train_004767.jpg,2,1
train_015944.jpg,2,0
train_010132.jpg,1,0
train_013937.jpg,2,1
train_002454.jpg,2,1
train_007493.jpg,2,1
train_012941.jpg,2,1
train_001546.jpg,1,1
train_010424.jpg,2,1
train_010757.jpg,2,1
train_008099.jpg,2,0
train_006153.jpg,2,1
train_005541.jpg,2,0
train_005288.jpg,2,1
train_013549.jpg,2,0
train_005609.jpg,0,0
train_014296.jpg,2,1
train_001661.jpg,2,1
train_010176.jpg,1,1
train_003184.jpg,0,0
train_016408.jpg,1,1
train_007929.jpg,0,0
train_011428.jpg,2,1
train_016358.jpg,2,1
train_000748.jpg,1,1
train_012616.jpg,0,1
train_000366.jpg,2,1
train_003660.jpg,2,1
train_000518.jpg,1,0
train_012992.jpg,2,1
train_010901.jpg,2,1
train_009091.jpg,2,1
train_002500.jpg,2,1
train_004465.jpg,0,1
train_005706.jpg,2,1
train_008638.jpg,2,1
train_008395.jpg,1,1
train_015455.jpg,2,1
train_005154.jpg,2,1
train_010048.jpg,0,1
train_013631.jpg,2,1
train_012011.jpg,2,1
train_016287.jpg,2,1
train_011524.jpg,2,1
train_009418.jpg,0,1
train_013089.jpg,2,1
train_013175.jpg,0,1
train_003769.jpg,2,0
train_003129.jpg,2,1
train_012961.jpg,2,0
train_000841.jpg,0,1
train_011416.jpg,2,1
train_009360.jpg,2,1
train_012230.jpg,1,1
train_006595.jpg,2,1
train_003690.jpg,2,1
train_007382.jpg,2,1
train_001561.jpg,2,1
train_010220.jpg,1,1
train_000759.jpg,0,0
train_015003.jpg,1,1
train_012661.jpg,2,1
train_002278.jpg,1,1
train_012629.jpg,2,1
train_002352.jpg,1,1
train_010705.jpg,2,1
train_005857.jpg,2,1
train_008208.jpg,0,1
train_012964.jpg,2,1
train_001731.jpg,1,0
train_013364.jpg,2,0
train_008149.jpg,0,0
train_003670.jpg,1,1
train_009032.jpg,0,0
train_014951.jpg,2,1
train_013180.jpg,0,0
train_008519.jpg,2,1
train_005694.jpg,2,1
train_011256.jpg,2,1
train_006531.jpg,2,1
train_011849.jpg,2,1
train_014624.jpg,2,0
train_002126.jpg,0,0
train_003071.jpg,2,1
train_002657.jpg,2,1
train_000540.jpg,0,1
train_013004.jpg,2,1
train_016394.jpg,2,1
train_003438.jpg,0,1
train_006205.jpg,1,1
train_002730.jpg,0,1
train_007208.jpg,2,1
train_006556.jpg,1,1
train_003909.jpg,2,1
train_013546.jpg,0,1
train_011483.jpg,2,1
train_012421.jpg,0,1
train_006082.jpg,1,1
train_000054.jpg,1,0
train_016190.jpg,2,1
train_003942.jpg,1,1
train_014768.jpg,1,1
train_011826.jpg,2,0
train_001131.jpg,2,1
train_003378.jpg,1,0
train_001511.jpg,1,0
train_006999.jpg,0,1
train_009161.jpg,2,1
train_006657.jpg,2,1
train_012670.jpg,1,1
train_016282.jpg,2,1
train_006808.jpg,2,1
train_008069.jpg,2,1
train_002856.jpg,2,1
train_008961.jpg,0,1
train_009599.jpg,0,1
train_004620.jpg,1,1
train_007035.jpg,1,1
train_003568.jpg,2,1
train_005196.jpg,2,1
train_003768.jpg,2,1
train_004626.jpg,1,1
train_005643.jpg,2,1
train_013680.jpg,2,1
train_014520.jpg,2,1
train_005671.jpg,2,1
train_014387.jpg,2,1
train_011062.jpg,1,1
train_003229.jpg,0,1
train_011771.jpg,1,1
train_012365.jpg,1,1
train_005760.jpg,2,1
train_005320.jpg,0,1
train_011635.jpg,2,1
train_000737.jpg,2,0
train_005361.jpg,0,1
train_014203.jpg,2,1
train_008827.jpg,2,1
train_000990.jpg,1,1
train_003093.jpg,2,1
train_005139.jpg,2,1
train_003505.jpg,0,1
train_015226.jpg,2,0
train_012352.jpg,2,0
train_004869.jpg,2,1
train_001039.jpg,2,1
train_012139.jpg,1,1
train_009513.jpg,0,0
train_005403.jpg,0,1
train_013157.jpg,2,0
train_014707.jpg,2,0
train_010416.jpg,2,1
train_000858.jpg,1,1
train_004354.jpg,0,0
train_010721.jpg,2,1
train_011631.jpg,2,1
train_001968.jpg,2,0
train_009122.jpg,1,1
train_013825.jpg,2,1
train_002894.jpg,2,1
train_004243.jpg,2,1
train_011678.jpg,1,1
train_015990.jpg,2,1
train_002440.jpg,2,1
train_004799.jpg,2,1
train_007229.jpg,1,0
train_002811.jpg,2,1
train_013695.jpg,0,1
train_003147.jpg,2,1
train_016133.jpg,2,1
train_010312.jpg,2,1
train_012202.jpg,0,1
train_014257.jpg,2,1
train_000576.jpg,2,1
train_012099.jpg,2,1
train_005707.jpg,0,0
train_008807.jpg,0,1
train_011031.jpg,2,1
train_000293.jpg,2,1
train_003227.jpg,2,1
train_001400.jpg,0,0
train_014541.jpg,2,1
train_015126.jpg,2,1
train_011268.jpg,2,1
train_001397.jpg,1,1
train_012411.jpg,2,0
train_009379.jpg,2,1
train_008918.jpg,1,0
train_012206.jpg,2,1
train_013174.jpg,2,1
train_001461.jpg,1,1
train_007150.jpg,2,1
train_012735.jpg,1,1
train_006419.jpg,0,0
train_014855.jpg,2,1
train_011282.jpg,0,0
train_004271.jpg,1,1
train_009753.jpg,1,1
train_002444.jpg,2,0
train_015465.jpg,2,1
train_015057.jpg,2,1
train_001979.jpg,1,1
train_006424.jpg,2,1
train_014413.jpg,2,1
train_008945.jpg,2,1
train_011177.jpg,2,1
train_011525.jpg,1,1
train_006094.jpg,0,0
train_011490.jpg,2,0
train_010107.jpg,2,1
train_000751.jpg,1,1
train_012307.jpg,0,1
train_014857.jpg,2,1
train_006602.jpg,1,1
train_013661.jpg,1,0
train_012823.jpg,1,1
train_003862.jpg,2,1
train_012086.jpg,2,1
train_009734.jpg,2,1
train_007023.jpg,2,0
train_015276.jpg,1,1
train_006687.jpg,2,0
train_015875.jpg,2,1
train_014085.jpg,2,1
train_003420.jpg,2,1
train_003265.jpg,1,1
train_013411.jpg,2,1
train_014210.jpg,2,1
train_001905.jpg,2,1
train_007248.jpg,2,1
train_016243.jpg,2,1
train_000573.jpg,1,1
train_006985.jpg,2,1
train_005448.jpg,0,0
train_011557.jpg,2,0
train_011659.jpg,0,0
train_002299.jpg,1,1
train_009052.jpg,2,1
train_002051.jpg,2,1
train_000817.jpg,0,0
train_000162.jpg,2,1
train_009058.jpg,1,1
train_010848.jpg,2,0
train_008661.jpg,2,0
train_011972.jpg,0,1
train_008049.jpg,2,1
train_000399.jpg,2,1
train_011322.jpg,2,1
train_012157.jpg,2,1
train_000618.jpg,2,1
train_007085.jpg,2,1
train_002163.jpg,2,1
train_011015.jpg,2,1
train_007639.jpg,2,1
train_004445.jpg,2,0
train_010865.jpg,2,1
train_016313.jpg,2,1
train_001843.jpg,2,1
train_001671.jpg,2,1
train_011251.jpg,1,1
train_014811.jpg,2,1
train_005548.jpg,2,1
train_003781.jpg,0,0
train_007786.jpg,2,1
train_012354.jpg,2,0
train_006325.jpg,2,1
train_012483.jpg,2,1
train_008909.jpg,1,1
train_011686.jpg,1,1
train_004589.jpg,2,1
train_008286.jpg,0,0
train_008132.jpg,1,0
train_014600.jpg,0,1
train_002988.jpg,1,0
train_008940.jpg,0,0
train_006083.jpg,2,1
train_014696.jpg,2,1
train_011598.jpg,2,1
train_012531.jpg,0,0
train_007976.jpg,2,1
train_014702.jpg,1,1
train_015101.jpg,0,0
train_003709.jpg,2,1
train_002356.jpg,2,1
train_008788.jpg,0,1
train_015838.jpg,2,1
train_012971.jpg,2,1
train_009431.jpg,1,1
train_016036.jpg,1,0
train_014837.jpg,2,1
train_005572.jpg,2,1
train_004195.jpg,1,0
train_015310.jpg,2,1
train_009535.jpg,2,1
train_004974.jpg,2,1
train_000835.jpg,2,1
train_014401.jpg,0,1
train_012551.jpg,2,1
train_007634.jpg,2,1
train_014185.jpg,2,1
train_004058.jpg,2,1
train_012287.jpg,2,1
train_005104.jpg,1,1
train_011632.jpg,0,0
train_007673.jpg,2,1
train_000695.jpg,2,1
train_000088.jpg,1,1
train_003625.jpg,2,1
train_012721.jpg,2,1
train_006701.jpg,2,1
train_005893.jpg,2,1
train_013167.jpg,1,1
train_007630.jpg,1,1
train_011495.jpg,2,1
train_003855.jpg,2,1
train_005479.jpg,0,1
train_015152.jpg,2,1
train_011316.jpg,2,1
train_006150.jpg,0,1
train_009153.jpg,2,0
train_008584.jpg,2,0
train_015407.jpg,2,1
train_003042.jpg,2,0
train_014630.jpg,2,1
train_013295.jpg,2,1
train_002152.jpg,2,1
train_005686.jpg,2,1
train_014099.jpg,2,1
train_005237.jpg,2,1
train_005380.jpg,2,1
train_015141.jpg,2,1
train_001460.jpg,2,1
train_015823.jpg,2,1
train_009413.jpg,2,1
train_012371.jpg,1,1
train_005852.jpg,2,0
train_004884.jpg,1,0
train_014692.jpg,1,1
train_010532.jpg,2,0
train_012329.jpg,2,1
train_003490.jpg,0,0
train_011243.jpg,2,0
train_004508.jpg,2,1
train_007498.jpg,2,1
train_013988.jpg,2,1
train_009678.jpg,2,1
train_008240.jpg,2,1
train_002285.jpg,1,1
train_013390.jpg,0,0
train_013523.jpg,1,1
train_006207.jpg,1,1
train_008878.jpg,0,1
train_006903.jpg,2,1
train_006328.jpg,2,1
train_010921.jpg,1,1
train_015638.jpg,1,1
train_003956.jpg,2,1
train_004675.jpg,0,1
train_006795.jpg,1,1
train_012222.jpg,2,1
train_001195.jpg,2,1
train_010952.jpg,2,1
train_006411.jpg,2,1
train_005200.jpg,2,1
train_007186.jpg,2,1
train_012713.jpg,2,1
train_008434.jpg,2,1
train_002786.jpg,2,1
train_005962.jpg,1,1
train_004049.jpg,1,1
train_011171.jpg,2,1
train_009132.jpg,2,1
train_007589.jpg,2,1
train_002816.jpg,2,1
train_009803.jpg,2,0
train_003700.jpg,2,1
train_001373.jpg,2,1
train_012245.jpg,1,1
train_014672.jpg,1,1
train_002056.jpg,0,1
train_013964.jpg,2,0
train_011798.jpg,1,1
train_009881.jpg,1,0
train_005532.jpg,2,1
train_011384.jpg,2,1
train_012033.jpg,2,1
train_014500.jpg,0,0
train_004954.jpg,2,1
train_012902.jpg,2,1
train_002085.jpg,2,1
train_000515.jpg,2,1
train_005559.jpg,1,1
train_007320.jpg,2,1
train_012010.jpg,0,0
train_016343.jpg,2,1
train_004724.jpg,2,1
train_010155.jpg,2,1
train_002225.jpg,0,1
train_012876.jpg,2,0
train_000434.jpg,1,1
train_007401.jpg,2,0
train_008440.jpg,1,1
train_005137.jpg,2,1
train_008290.jpg,2,1
train_001292.jpg,2,1
train_006918.jpg,1,0
train_009852.jpg,2,1
train_002292.jpg,2,1
train_008206.jpg,2,1
train_007708.jpg,2,1
train_009772.jpg,2,1
train_013827.jpg,0,1
train_014561.jpg,2,1
train_015468.jpg,0,1
train_005902.jpg,2,1
train_002177.jpg,1,1
train_006493.jpg,2,1
train_006241.jpg,2,0
train_007263.jpg,0,0
train_012140.jpg,1,1
train_003240.jpg,2,1
train_010946.jpg,2,1
train_007192.jpg,2,1
train_015592.jpg,2,1
train_003439.jpg,2,1
train_003372.jpg,2,1
train_000211.jpg,1,1
train_012880.jpg,2,1
train_014092.jpg,2,1
train_009385.jpg,0,0
train_008210.jpg,0,1
train_001444.jpg,2,1
train_004687.jpg,1,1
train_001871.jpg,2,1
train_008958.jpg,2,1
train_015203.jpg,2,1
train_010370.jpg,1,1
train_011226.jpg,0,1
train_008097.jpg,2,1
train_002532.jpg,2,1
train_009337.jpg,1,0
train_016108.jpg,2,1
train_008833.jpg,2,1
train_012755.jpg,2,1
train_014441.jpg,0,1
train_001600.jpg,2,1
train_008185.jpg,1,1
train_016206.jpg,2,0
train_003316.jpg,2,1
train_009086.jpg,2,1
train_000912.jpg,2,1
train_003813.jpg,0,1
train_008213.jpg,2,1
train_011895.jpg,0,0
train_000203.jpg,2,1
train_010709.jpg,0,1
train_008860.jpg,0,1
train_006445.jpg,2,1
train_007513.jpg,2,1
train_011265.jpg,2,1
train_003688.jpg,0,1
train_015116.jpg,2,1
train_006746.jpg,2,1
train_012817.jpg,2,1
train_015421.jpg,1,1
train_016317.jpg,2,1
train_008526.jpg,2,1
train_004036.jpg,2,1
train_003087.jpg,2,1
train_000961.jpg,0,1
train_002982.jpg,2,1
train_003096.jpg,2,1
train_001746.jpg,0,0
train_004381.jpg,2,1
train_008906.jpg,2,1
train_004035.jpg,1,1
train_003673.jpg,2,0
train_011267.jpg,2,1
train_001505.jpg,2,0
train_002659.jpg,2,1
train_009078.jpg,0,1
train_011149.jpg,1,0
train_013730.jpg,2,1
train_011691.jpg,0,0
train_015526.jpg,2,0
train_000859.jpg,0,0
train_006864.jpg,2,1
train_007535.jpg,2,1
train_001977.jpg,2,1
train_000068.jpg,2,1
train_005772.jpg,2,1
train_015097.jpg,2,1
train_012450.jpg,0,1
train_015825.jpg,2,1
train_010497.jpg,2,1
train_015210.jpg,1,1
train_010018.jpg,0,0
train_002016.jpg,1,1
train_013905.jpg,2,0
train_011164.jpg,1,1
train_008311.jpg,2,0
train_006858.jpg,2,1
train_007611.jpg,2,1
train_007978.jpg,2,1
train_002374.jpg,2,1
train_008565.jpg,1,1
train_007368.jpg,2,1
train_004970.jpg,2,1
train_010565.jpg,2,0
train_009637.jpg,2,1
train_015904.jpg,1,1
train_016065.jpg,1,1
train_003232.jpg,0,0
train_002552.jpg,2,1
train_003762.jpg,1,1
train_000523.jpg,0,0
train_015743.jpg,1,1
train_010720.jpg,1,1
train_009340.jpg,2,1
train_002431.jpg,2,0
train_015999.jpg,2,1
train_014890.jpg,1,1
train_014700.jpg,0,0
train_010991.jpg,2,1
train_012760.jpg,0,1
train_000242.jpg,1,1
train_014264.jpg,0,1
train_015643.jpg,1,1
train_010303.jpg,2,1
train_003280.jpg,0,1
train_000086.jpg,2,1
train_002679.jpg,1,1
train_005820.jpg,2,1
train_002245.jpg,2,1
train_016257.jpg,2,1
train_002749.jpg,2,1
train_014212.jpg,2,0
train_001470.jpg,2,1
train_004691.jpg,0,1
train_015625.jpg,0,0
train_001673.jpg,1,1
train_011951.jpg,2,1
train_010751.jpg,2,1
train_014972.jpg,1,1
train_015934.jpg,2,1
train_001175.jpg,2,1
train_004038.jpg,0,1
train_001005.jpg,1,1
train_015506.jpg,2,1
train_012167.jpg,2,1
train_012596.jpg,0,1
train_010628.jpg,1,1
train_015582.jpg,2,1
train_007657.jpg,2,1
train_014982.jpg,2,1
train_006039.jpg,2,1
train_014226.jpg,2,1
train_007081.jpg,0,1
train_008105.jpg,2,1
train_008921.jpg,1,1
train_001004.jpg,1,1
train_010926.jpg,1,1
train_003658.jpg,2,1
train_006137.jpg,2,1
train_008720.jpg,0,0
train_008929.jpg,2,1
train_006408.jpg,2,1
train_000876.jpg,1,1
train_007298.jpg,0,0
train_004950.jpg,1,1
train_010853.jpg,2,1
train_000215.jpg,2,0
train_005021.jpg,0,1
train_005365.jpg,0,0
train_004171.jpg,2,1
train_003553.jpg,2,1
train_015554.jpg,0,1
train_009653.jpg,2,0
train_004794.jpg,2,0
train_006730.jpg,2,1
train_009888.jpg,2,0
train_000804.jpg,2,1
train_011350.jpg,1,0
train_004520.jpg,2,0
train_003578.jpg,2,1
train_007541.jpg,2,1
train_005813.jpg,1,1
train_012949.jpg,2,1
train_002576.jpg,2,1
train_010542.jpg,2,1
train_005626.jpg,0,1
train_006276.jpg,2,1
train_012639.jpg,0,0
train_009855.jpg,2,1
train_004121.jpg,2,1
train_006310.jpg,2,1
train_005940.jpg,2,1
train_008087.jpg,1,1
train_014428.jpg,1,1
train_012346.jpg,0,1
train_001279.jpg,2,1
train_014119.jpg,2,0
train_016261.jpg,0,1
train_008527.jpg,2,1
train_009879.jpg,2,1
train_006645.jpg,0,1
train_000167.jpg,2,1
train_004360.jpg,0,0
train_012891.jpg,2,1
train_011649.jpg,1,1
train_015517.jpg,2,1
train_014515.jpg,0,0
train_008270.jpg,0,0
train_015821.jpg,2,1
train_015864.jpg,2,1
train_009309.jpg,1,1
train_015426.jpg,2,1
train_006949.jpg,2,1
train_012487.jpg,2,1
train_008667.jpg,1,0
train_013150.jpg,2,1
train_005499.jpg,2,1
train_009401.jpg,0,1
train_000755.jpg,2,1
train_009282.jpg,2,1
train_009389.jpg,2,1
train_007374.jpg,0,1
train_009650.jpg,2,1
train_004909.jpg,2,1
train_000703.jpg,1,0
train_001585.jpg,1,1
train_005535.jpg,2,0
train_002311.jpg,1,1
train_008755.jpg,2,1
train_012070.jpg,2,1
train_002222.jpg,2,1
train_011284.jpg,2,1
train_002168.jpg,2,0
train_014320.jpg,2,1
train_004719.jpg,1,1
train_006056.jpg,2,1
train_006230.jpg,2,1
train_008309.jpg,2,1
train_011703.jpg,2,0
train_003990.jpg,2,1
train_001868.jpg,2,1
train_005845.jpg,0,1
train_007234.jpg,1,1
train_003971.jpg,2,1
train_014200.jpg,2,1
train_001642.jpg,2,1
train_015129.jpg,2,1
train_001454.jpg,2,1
train_006954.jpg,2,1
train_011601.jpg,2,0
train_002649.jpg,2,1
train_000294.jpg,2,1
train_002284.jpg,2,1
train_000871.jpg,2,1
train_004441.jpg,2,1
train_011802.jpg,2,1
train_009080.jpg,1,1
train_007776.jpg,1,1
train_007133.jpg,2,1
train_008560.jpg,1,1
train_009517.jpg,0,1
train_001735.jpg,2,1
train_010690.jpg,2,1
train_003680.jpg,2,1
train_011319.jpg,2,1
train_011779.jpg,2,1
train_006900.jpg,1,1
train_007047.jpg,2,1
train_007853.jpg,2,1
train_009107.jpg,2,1
train_000779.jpg,2,1
train_013535.jpg,2,1
train_013674.jpg,2,1
train_013811.jpg,2,0
train_009299.jpg,2,1
train_004713.jpg,1,1
train_002384.jpg,2,1
train_001934.jpg,1,1
train_010406.jpg,2,1
train_003953.jpg,1,1
train_009444.jpg,2,1
train_002354.jpg,2,1
train_010126.jpg,2,1
train_015721.jpg,1,1
train_011335.jpg,2,1
train_009427.jpg,2,1
train_007012.jpg,2,1
train_003173.jpg,2,1
train_005353.jpg,1,1
train_010052.jpg,0,0
train_007618.jpg,1,1
train_010119.jpg,1,1
train_015423.jpg,2,1
train_001047.jpg,2,1
train_000891.jpg,2,1
train_014841.jpg,2,1
train_008508.jpg,1,1
train_013076.jpg,2,1
train_009373.jpg,2,1
train_006018.jpg,2,1
train_007156.jpg,0,1
train_000170.jpg,1,1
train_000136.jpg,2,1
train_015357.jpg,2,1
train_003022.jpg,2,1
train_005295.jpg,2,1
train_007193.jpg,1,1
train_010877.jpg,2,1
train_002780.jpg,2,1
train_002367.jpg,2,1
train_006724.jpg,0,1
train_006021.jpg,2,1
train_009821.jpg,2,1
train_010313.jpg,2,1
train_005071.jpg,2,1
train_011254.jpg,1,1
train_009424.jpg,2,1
train_006816.jpg,2,1
train_005316.jpg,2,0
train_000370.jpg,2,1
train_004608.jpg,0,0
train_001668.jpg,1,1
train_011982.jpg,2,1
train_015151.jpg,2,1
train_000996.jpg,0,0
train_015296.jpg,2,1
train_003513.jpg,2,1
train_002750.jpg,2,1
train_012306.jpg,2,1
train_004298.jpg,2,1
train_012967.jpg,2,1
train_005865.jpg,1,1
train_014214.jpg,0,0
train_011080.jpg,2,1
train_012210.jpg,2,1
train_006703.jpg,2,1
train_015793.jpg,2,1
train_014575.jpg,2,1
train_010349.jpg,2,1
train_011795.jpg,2,1
train_003045.jpg,0,1
train_005194.jpg,2,1
train_001255.jpg,1,1
train_004033.jpg,2,1
train_005490.jpg,2,1
train_001492.jpg,1,1
train_004959.jpg,0,0
train_015769.jpg,2,1
train_012700.jpg,1,1
train_001773.jpg,2,1
train_008473.jpg,2,1
train_008385.jpg,2,1
train_002399.jpg,2,0
train_007788.jpg,2,1
train_001864.jpg,0,0
train_015328.jpg,2,1
train_004760.jpg,2,1
train_005576.jpg,2,1
train_000929.jpg,1,1
train_007656.jpg,2,1
train_010146.jpg,2,1
train_000114.jpg,2,1
train_015794.jpg,2,1
train_002412.jpg,0,0
train_000465.jpg,2,1
train_010788.jpg,2,0
train_006619.jpg,2,1
train_003985.jpg,2,1
train_007128.jpg,1,1
train_016147.jpg,2,1
train_013232.jpg,0,1
train_016012.jpg,1,0
train_005526.jpg,1,1
train_010030.jpg,1,1
train_013619.jpg,2,1
train_007992.jpg,1,1
train_013473.jpg,2,1
train_000340.jpg,2,1
train_013071.jpg,2,1
train_015162.jpg,2,1
train_002959.jpg,1,1
train_006046.jpg,1,1
train_014861.jpg,2,1
train_012527.jpg,2,1
train_010417.jpg,2,1
train_002669.jpg,1,1
train_012460.jpg,0,0
train_014093.jpg,0,0
train_012428.jpg,1,1
train_011239.jpg,2,1
train_012753.jpg,2,0
train_003774.jpg,1,1
train_010412.jpg,2,1
train_014100.jpg,2,1
train_013686.jpg,2,1
train_008338.jpg,0,0
train_012248.jpg,2,1
train_011833.jpg,1,1
train_016403.jpg,1,1
train_005743.jpg,0,0
train_016007.jpg,2,1
train_009013.jpg,2,1
train_006176.jpg,1,1
train_002642.jpg,1,1
train_004839.jpg,2,1
train_015335.jpg,2,1
train_008071.jpg,0,1
train_004401.jpg,1,1
train_015585.jpg,1,1
train_012017.jpg,2,1
train_011482.jpg,0,0
train_012022.jpg,2,1
train_000834.jpg,2,1
train_010473.jpg,2,0
train_013270.jpg,2,0
train_004714.jpg,2,1
train_011291.jpg,0,0
train_010711.jpg,1,1
train_012595.jpg,2,1
train_001162.jpg,2,1
train_015953.jpg,1,1
train_008959.jpg,2,1
train_007948.jpg,2,1
train_007942.jpg,1,1
train_014437.jpg,0,0
train_007155.jpg,2,1
train_013708.jpg,2,1
train_013489.jpg,2,1
train_007688.jpg,0,0
train_011711.jpg,0,0
train_014627.jpg,2,1
train_000561.jpg,2,1
train_003679.jpg,2,1
train_003889.jpg,2,1
train_009672.jpg,0,0
train_010222.jpg,0,0
train_002710.jpg,2,1
train_002393.jpg,2,1
train_015587.jpg,1,1
train_004697.jpg,2,1
train_004146.jpg,2,1
train_005849.jpg,2,1
train_015868.jpg,2,1
train_006944.jpg,2,1
train_010008.jpg,2,1
train_003777.jpg,0,0
train_007102.jpg,2,1
train_000870.jpg,2,1
train_006120.jpg,2,1
train_002160.jpg,2,1
train_003247.jpg,2,1
train_004745.jpg,2,1
train_005057.jpg,2,1
train_000247.jpg,1,1
train_010580.jpg,2,1
train_014083.jpg,2,0
train_007985.jpg,1,1
train_001414.jpg,2,1
train_004633.jpg,1,1
train_001727.jpg,2,1
train_013543.jpg,2,1
train_013597.jpg,2,0
train_013325.jpg,2,1
train_008521.jpg,1,1
train_014681.jpg,0,1
train_002094.jpg,1,1
train_003336.jpg,1,1
train_003103.jpg,0,0
train_003833.jpg,0,1
train_004259.jpg,2,1
train_002920.jpg,1,1
train_016039.jpg,1,1
train_012082.jpg,2,1
train_013477.jpg,1,1
train_002329.jpg,2,1
train_006771.jpg,2,1
train_002542.jpg,2,1
train_011461.jpg,0,0
train_002769.jpg,2,1
train_012848.jpg,2,1
train_000382.jpg,0,0
train_014884.jpg,2,1
train_002849.jpg,2,1
train_008619.jpg,2,1
train_009915.jpg,2,1
train_012716.jpg,2,1
train_000801.jpg,2,1
train_015280.jpg,2,1
train_005493.jpg,2,1
train_008058.jpg,2,1
train_013184.jpg,0,1
train_002214.jpg,2,1
train_015389.jpg,2,1
train_014694.jpg,2,1
train_008754.jpg,2,1
train_006904.jpg,2,1
train_013201.jpg,1,1
train_005642.jpg,2,1
train_007703.jpg,1,1
train_015874.jpg,2,1
train_000335.jpg,1,1
train_008766.jpg,2,1
train_010870.jpg,1,1
train_008128.jpg,2,0
train_011043.jpg,2,1
train_003527.jpg,2,1
train_003193.jpg,1,1
train_000312.jpg,2,1
train_003654.jpg,2,1
train_004980.jpg,2,1
train_004487.jpg,2,1
train_010550.jpg,2,1
train_000313.jpg,2,1
train_003908.jpg,0,0
train_008131.jpg,2,1
train_005633.jpg,0,0
train_014596.jpg,1,1
train_011665.jpg,2,1
train_005910.jpg,1,0
train_006213.jpg,2,0
train_001778.jpg,1,1
train_015969.jpg,1,0
train_001443.jpg,0,1
train_000584.jpg,2,1
train_004842.jpg,2,1
train_014716.jpg,2,1
train_001869.jpg,0,1
train_007432.jpg,0,0
train_012694.jpg,1,1
train_010895.jpg,2,1
train_008953.jpg,2,0
train_007054.jpg,2,0
train_008847.jpg,2,1
train_004744.jpg,2,1
train_002003.jpg,0,1
train_002603.jpg,2,1
train_005131.jpg,2,1
train_003298.jpg,2,0
train_014385.jpg,0,0
train_000053.jpg,2,1
train_009737.jpg,1,1
train_007463.jpg,2,0
train_003602.jpg,1,1
train_001930.jpg,2,1
train_012900.jpg,2,1
train_015092.jpg,2,1
train_009251.jpg,0,0
train_000878.jpg,0,0
train_015833.jpg,2,1
train_000953.jpg,0,0
train_009229.jpg,2,0
train_011758.jpg,2,1
train_010954.jpg,1,1
train_009279.jpg,2,1
train_010719.jpg,0,0
train_008333.jpg,1,0
train_013397.jpg,2,1
train_004933.jpg,2,1
train_009701.jpg,1,0
train_000226.jpg,1,1
train_010276.jpg,1,1
train_006186.jpg,2,1
train_008800.jpg,0,0
train_004434.jpg,2,1
train_014073.jpg,1,0
train_011210.jpg,2,1
train_012642.jpg,1,1
train_010940.jpg,2,1
train_002607.jpg,0,1
train_003055.jpg,1,1
train_004355.jpg,2,1
train_012737.jpg,2,1
train_009712.jpg,1,1
train_009916.jpg,2,1
train_014273.jpg,2,1
train_014912.jpg,0,1
train_007922.jpg,1,1
train_012788.jpg,2,0
train_014477.jpg,2,1
train_005863.jpg,2,1
train_015307.jpg,2,1
train_015564.jpg,2,1
train_009764.jpg,1,1
train_002469.jpg,2,1
train_016252.jpg,2,1
train_003017.jpg,2,0
train_004309.jpg,2,1
train_008977.jpg,2,1
train_011935.jpg,1,0
train_005935.jpg,2,0
train_015734.jpg,2,1
train_003750.jpg,2,1
train_013284.jpg,2,1
train_001186.jpg,2,1
train_001040.jpg,1,1
train_014161.jpg,0,0
train_008410.jpg,2,1
train_002821.jpg,2,1
train_009834.jpg,2,1
train_014248.jpg,2,1
train_007333.jpg,0,1
train_011150.jpg,2,1
train_003839.jpg,2,1
train_011470.jpg,0,0
train_001849.jpg,2,1
train_006144.jpg,2,1
train_001878.jpg,1,1
train_000422.jpg,0,0
train_015076.jpg,2,1
train_011561.jpg,2,1
train_012617.jpg,2,1
train_016361.jpg,2,1
train_000396.jpg,2,1
train_010963.jpg,0,0
train_014904.jpg,0,0
train_008163.jpg,2,0
train_004819.jpg,2,1
train_005389.jpg,2,1
train_000025.jpg,2,1
train_011304.jpg,2,1
train_009736.jpg,2,1
train_006135.jpg,0,0
train_010722.jpg,2,1
train_016330.jpg,0,0
train_005638.jpg,1,0
train_013014.jpg,2,1
train_012522.jpg,2,1
train_008455.jpg,1,1
train_011198.jpg,2,1
train_007854.jpg,0,1
train_010692.jpg,2,1
train_010810.jpg,1,1
train_012053.jpg,0,1
train_015573.jpg,2,1
train_009199.jpg,1,1
train_010934.jpg,2,1
train_002415.jpg,2,1
train_004238.jpg,2,1
train_014730.jpg,2,1
train_015104.jpg,1,0
train_002908.jpg,1,1
train_014427.jpg,2,1
train_007941.jpg,0,1
train_003940.jpg,0,1
train_010526.jpg,1,1
train_013636.jpg,2,1
train_002459.jpg,2,1
train_016365.jpg,0,0
train_005599.jpg,2,1
train_000615.jpg,2,1
train_005847.jpg,2,1
train_009357.jpg,2,0
train_004706.jpg,2,1
train_000134.jpg,2,1
train_009315.jpg,2,1
train_006036.jpg,2,1
train_009580.jpg,0,0
train_011943.jpg,2,1
train_012890.jpg,2,1
train_008123.jpg,1,1
train_011707.jpg,1,1
train_006265.jpg,1,1
train_009880.jpg,1,1
train_013607.jpg,2,1
train_002482.jpg,2,1
train_007324.jpg,1,1
train_011334.jpg,2,1
train_014714.jpg,2,0
train_014871.jpg,2,1
train_001063.jpg,1,1
train_010620.jpg,2,1
train_003541.jpg,2,1
train_003330.jpg,2,1
train_006998.jpg,0,0
train_009802.jpg,2,1
train_003000.jpg,2,1
train_002718.jpg,2,1
train_003795.jpg,2,1
train_009639.jpg,2,0
train_011937.jpg,2,1
train_012903.jpg,2,1
train_009622.jpg,2,1
train_015763.jpg,2,1
train_001465.jpg,0,1
train_001185.jpg,1,1
train_008284.jpg,1,1
train_013759.jpg,2,0
train_001126.jpg,1,1
train_011960.jpg,2,1
train_010203.jpg,2,1
train_010762.jpg,2,0
train_013749.jpg,2,1
train_012513.jpg,1,1
train_014997.jpg,2,1
train_006497.jpg,0,1
train_010918.jpg,1,0
train_014046.jpg,1,0
train_005798.jpg,0,1
train_006935.jpg,2,0
train_008403.jpg,2,1
train_002422.jpg,2,1
train_011221.jpg,2,1
train_000227.jpg,2,1
train_013028.jpg,2,1
train_013430.jpg,2,1
train_005386.jpg,2,1
train_005205.jpg,0,0
train_013253.jpg,2,1
train_006779.jpg,2,1
train_009266.jpg,2,0
train_000230.jpg,2,1
train_013832.jpg,2,1
train_015513.jpg,2,1
train_001893.jpg,1,1
train_009762.jpg,2,1
train_009811.jpg,2,1
train_013970.jpg,0,0
train_015401.jpg,2,1
train_012098.jpg,2,1
train_005109.jpg,2,1
train_010099.jpg,2,1
train_009779.jpg,2,1
train_012145.jpg,2,1
train_003141.jpg,2,1
train_000485.jpg,1,1
train_002870.jpg,2,1
train_015051.jpg,0,0
train_013003.jpg,2,1
train_014896.jpg,2,1
train_005545.jpg,0,1
train_012063.jpg,2,1
train_016013.jpg,2,1
train_011397.jpg,1,1
train_008797.jpg,2,1
train_010085.jpg,2,1
train_010270.jpg,0,0
train_004229.jpg,1,1
train_002145.jpg,1,1
train_005240.jpg,0,1
train_006790.jpg,2,1
train_011751.jpg,2,1
train_000851.jpg,0,0
train_000627.jpg,2,1
train_004320.jpg,1,1
train_005097.jpg,2,1
train_007613.jpg,2,1
train_013603.jpg,2,1
train_016333.jpg,0,1
train_014767.jpg,0,0
train_000697.jpg,2,1
train_001369.jpg,2,1
train_004513.jpg,0,0
train_007819.jpg,0,1
train_001923.jpg,2,1
train_009474.jpg,2,1
train_000477.jpg,2,1
train_010743.jpg,0,1
train_001768.jpg,1,0
train_008990.jpg,2,0
train_006071.jpg,0,1
train_002958.jpg,2,1
train_007269.jpg,2,0
train_004460.jpg,2,1
train_006873.jpg,2,1
train_000259.jpg,2,1
train_005203.jpg,2,1
train_010555.jpg,2,1
train_002826.jpg,2,1
train_010396.jpg,2,1
train_011580.jpg,2,1
train_011318.jpg,0,0
train_009797.jpg,2,1
train_010365.jpg,2,1
train_014279.jpg,1,1
train_009236.jpg,2,1
train_001227.jpg,2,1
train_000632.jpg,1,1
train_007538.jpg,2,1
train_009232.jpg,1,1
train_002737.jpg,0,1
train_003428.jpg,1,1
train_009195.jpg,2,1
train_010129.jpg,0,0
train_012232.jpg,0,1
train_015488.jpg,1,1
train_005724.jpg,2,1
train_008306.jpg,2,1
train_001876.jpg,0,0
train_007222.jpg,2,1
train_003502.jpg,2,1
train_005968.jpg,2,1
train_001981.jpg,2,1
train_012486.jpg,2,1
train_010841.jpg,1,1
train_007686.jpg,1,1
train_010782.jpg,0,0
train_012018.jpg,2,1
train_001793.jpg,2,1
train_008914.jpg,2,1
train_004495.jpg,1,1
train_014718.jpg,2,1
train_007947.jpg,0,0
train_005132.jpg,2,1
train_006087.jpg,0,1
train_001416.jpg,2,1
train_013107.jpg,2,1
train_005757.jpg,0,1
train_003756.jpg,2,1
train_000832.jpg,2,1
train_010522.jpg,0,1
train_001881.jpg,0,0
train_012008.jpg,2,0
train_005075.jpg,2,1
train_001243.jpg,2,1
train_000150.jpg,2,1
train_008569.jpg,0,1
train_004651.jpg,0,0
train_011997.jpg,0,1
train_002569.jpg,1,1
train_007943.jpg,1,1
train_014705.jpg,1,1
train_004676.jpg,1,1
train_014583.jpg,2,1
train_008697.jpg,1,1
train_003773.jpg,2,1
train_000199.jpg,2,1
train_005338.jpg,2,1
train_015983.jpg,2,0
train_008823.jpg,2,1
train_006405.jpg,0,0
train_009090.jpg,2,1
train_002108.jpg,2,1
train_009585.jpg,1,1
train_015078.jpg,1,0
train_004486.jpg,2,1
train_010673.jpg,2,0
train_005162.jpg,2,1
train_009496.jpg,1,0
train_015482.jpg,2,0
train_009591.jpg,2,1
train_007033.jpg,2,1
train_000147.jpg,2,1
train_009977.jpg,2,1
train_010481.jpg,2,1
train_002677.jpg,2,1
train_012434.jpg,1,1
train_001571.jpg,2,1
train_009924.jpg,2,1
train_008180.jpg,2,1
train_000935.jpg,2,1
train_000754.jpg,2,1
train_013737.jpg,2,1
train_001019.jpg,2,1
train_015756.jpg,0,0
train_008364.jpg,0,0
train_014924.jpg,2,1
train_013469.jpg,2,1
train_004367.jpg,0,1
train_007523.jpg,2,1
train_010856.jpg,2,1
train_011041.jpg,2,1
train_001705.jpg,2,1
train_001507.jpg,2,1
train_011890.jpg,0,1
train_009566.jpg,1,1
train_013063.jpg,2,0
train_000631.jpg,2,1
train_005751.jpg,2,1
train_010941.jpg,2,0
train_002213.jpg,1,1
train_009971.jpg,1,1
train_015835.jpg,2,1
train_000521.jpg,1,0
train_007758.jpg,1,1
train_004203.jpg,2,1
train_004278.jpg,2,1
train_016041.jpg,1,1
train_008920.jpg,2,1
train_013242.jpg,2,1
train_014048.jpg,2,0
train_003153.jpg,2,1
train_002319.jpg,2,1
train_011059.jpg,2,1
train_005719.jpg,2,1
train_000585.jpg,2,1
train_004792.jpg,0,0
train_010268.jpg,2,1
train_003978.jpg,2,1
train_001115.jpg,2,1
train_001809.jpg,2,1
train_002830.jpg,2,1
train_011137.jpg,2,0
train_003322.jpg,2,1
train_001617.jpg,1,1
train_011223.jpg,2,1
train_007379.jpg,0,1
train_014021.jpg,2,1
train_016115.jpg,2,1
train_006404.jpg,2,1
train_001099.jpg,0,0
train_008169.jpg,0,0
train_007131.jpg,2,1
train_015345.jpg,0,0
train_000276.jpg,0,1
train_002665.jpg,0,0
train_006077.jpg,1,0
train_000327.jpg,1,1
train_015584.jpg,2,1
train_013656.jpg,2,1
train_004304.jpg,1,1
train_010572.jpg,1,0
train_010001.jpg,2,1
train_011549.jpg,2,1
train_015915.jpg,2,1
train_008923.jpg,0,1
train_002296.jpg,0,1
train_013669.jpg,2,1
train_006112.jpg,2,1
train_014570.jpg,2,1
train_003206.jpg,2,1
train_008805.jpg,1,1
train_000973.jpg,2,1
train_004478.jpg,2,0
train_005827.jpg,2,1
train_002436.jpg,0,0
train_006078.jpg,0,0
train_015906.jpg,2,1
train_005656.jpg,1,1
train_014163.jpg,1,1
train_012849.jpg,2,1
train_009997.jpg,2,1
train_010248.jpg,2,1
train_001055.jpg,2,0
train_012550.jpg,2,1
train_008731.jpg,2,1
train_002783.jpg,2,1
train_004436.jpg,2,1
train_003701.jpg,2,1
train_000106.jpg,2,1
train_006587.jpg,2,1
train_008090.jpg,2,1
train_002312.jpg,2,1
train_012646.jpg,2,0
train_009203.jpg,1,0
train_015292.jpg,2,1
train_013135.jpg,2,1
train_013993.jpg,2,1
train_011854.jpg,2,1
train_002081.jpg,2,1
train_008978.jpg,2,1
train_015010.jpg,2,1
train_008141.jpg,1,1
train_007580.jpg,1,1
train_010586.jpg,2,1
train_006392.jpg,2,0
train_014132.jpg,1,1
train_001101.jpg,0,1
train_004550.jpg,2,1
train_015291.jpg,2,1
train_002833.jpg,0,0
train_010046.jpg,2,1
train_009012.jpg,2,0
train_006185.jpg,2,0
train_007972.jpg,2,1
train_003801.jpg,1,1
train_012529.jpg,2,0
train_013849.jpg,1,1
train_010375.jpg,2,1
train_013237.jpg,2,0
train_000886.jpg,2,1
train_005636.jpg,2,1
train_013093.jpg,2,1
train_013148.jpg,2,1
train_007252.jpg,1,1
train_007967.jpg,0,1
train_012444.jpg,1,1
train_012567.jpg,2,1
train_003051.jpg,1,1
train_007216.jpg,2,1
train_002041.jpg,2,0
train_001280.jpg,2,1
train_003126.jpg,0,0
train_004929.jpg,0,1
train_016016.jpg,2,1
train_000704.jpg,2,1
train_015161.jpg,2,1
train_006751.jpg,2,1
train_013112.jpg,2,1
train_015324.jpg,2,1
train_014053.jpg,0,1
train_000060.jpg,2,1
train_011770.jpg,2,1
train_015464.jpg,2,1
train_005042.jpg,1,1
train_005319.jpg,1,1
train_012507.jpg,2,0
train_013843.jpg,2,1
train_011196.jpg,2,1
train_016249.jpg,2,1
train_015522.jpg,2,1
train_007577.jpg,2,1
train_015446.jpg,2,0
train_015674.jpg,2,1
train_013568.jpg,2,1
train_005366.jpg,2,1
train_010274.jpg,2,1
train_007863.jpg,0,0
train_000036.jpg,2,1
train_012962.jpg,0,1
train_013476.jpg,2,1
train_003892.jpg,1,0
train_009021.jpg,2,1
train_011116.jpg,2,1
train_003495.jpg,2,1
train_014693.jpg,2,1
train_007014.jpg,2,1
train_007408.jpg,1,1
train_011186.jpg,2,1
train_007528.jpg,2,1
train_003684.jpg,1,1
train_010576.jpg,2,1
train_011488.jpg,2,1
train_000800.jpg,2,0
train_010159.jpg,2,1
train_002137.jpg,2,1
train_009853.jpg,1,1
train_005525.jpg,2,1
train_005540.jpg,2,1
train_010429.jpg,2,1
train_009921.jpg,0,0
train_004405.jpg,0,1
train_006796.jpg,0,1
train_011107.jpg,2,0
train_008454.jpg,2,1
train_010057.jpg,0,0
train_003339.jpg,2,1
train_006090.jpg,2,1
train_008353.jpg,2,0
train_007223.jpg,1,1
train_011479.jpg,1,1
train_008357.jpg,2,1
train_003711.jpg,0,1
train_006834.jpg,2,1
train_010350.jpg,1,1
train_002154.jpg,2,1
train_013410.jpg,2,1
train_009786.jpg,2,1
train_004692.jpg,2,0
train_009789.jpg,1,1
train_007065.jpg,1,1
train_011241.jpg,0,1
train_007041.jpg,2,1
train_001322.jpg,2,1
train_009120.jpg,2,0
train_009702.jpg,2,1
train_013954.jpg,1,1
train_012688.jpg,2,1
train_006813.jpg,2,1
train_007474.jpg,2,1
train_003015.jpg,0,0
train_006548.jpg,1,1
train_006625.jpg,2,1
train_004636.jpg,2,1
train_008809.jpg,1,1
train_009172.jpg,0,1
train_001570.jpg,2,1
train_007201.jpg,0,1
train_007002.jpg,2,0
train_012618.jpg,2,1
train_003822.jpg,2,1
train_013823.jpg,2,1
train_013789.jpg,0,1
train_003552.jpg,2,0
train_002912.jpg,2,1
train_003941.jpg,0,0
train_016373.jpg,2,1
train_001961.jpg,2,1
train_015631.jpg,2,1
train_005401.jpg,0,1
train_002320.jpg,2,0
train_008650.jpg,2,1
train_002327.jpg,0,0
train_001574.jpg,2,1
train_008765.jpg,1,1
train_006350.jpg,2,1
train_004261.jpg,2,1
train_006956.jpg,2,1
train_006972.jpg,0,1
train_006784.jpg,2,1
train_014228.jpg,2,1
train_003972.jpg,0,0
train_004543.jpg,1,0
train_011193.jpg,2,1
train_009837.jpg,2,1
train_007394.jpg,2,0
train_012020.jpg,1,1
train_004098.jpg,0,1
train_004900.jpg,2,1
train_012707.jpg,2,1
train_016383.jpg,2,1
train_000680.jpg,1,1
train_001677.jpg,2,1
train_013129.jpg,2,1
train_006235.jpg,2,1
train_007771.jpg,2,1
train_014261.jpg,2,0
train_013415.jpg,2,1
train_014933.jpg,1,1
train_015876.jpg,0,1
train_009714.jpg,2,0
train_000291.jpg,2,1
train_008068.jpg,2,1
train_011009.jpg,2,1
train_000365.jpg,2,1
train_003382.jpg,2,1
train_004565.jpg,0,1
train_006342.jpg,1,1
train_000606.jpg,1,1
train_007852.jpg,2,0
train_014142.jpg,0,1
train_004254.jpg,2,1
train_006662.jpg,2,1
train_016043.jpg,1,1
train_000943.jpg,2,1
train_009139.jpg,2,0
train_015279.jpg,2,1
train_011362.jpg,1,1
train_003241.jpg,2,0
train_010329.jpg,2,1
train_005402.jpg,2,1
train_008753.jpg,1,1
train_014803.jpg,2,1
train_014182.jpg,2,1
train_015238.jpg,0,1
train_013761.jpg,2,1
train_003655.jpg,1,1
train_004510.jpg,2,1
train_012485.jpg,1,1
train_011578.jpg,2,1
train_016255.jpg,1,1
train_005606.jpg,2,1
train_007464.jpg,2,1
train_003751.jpg,2,1
train_004459.jpg,2,1
train_005482.jpg,2,1
train_009015.jpg,2,1
train_005866.jpg,2,1
train_013115.jpg,2,1
train_012128.jpg,1,1
train_008354.jpg,2,1
train_015699.jpg,0,0
train_001787.jpg,2,1
train_004232.jpg,2,1
train_008791.jpg,0,0
train_005808.jpg,2,1
train_000693.jpg,2,1
train_004376.jpg,2,1
train_005143.jpg,1,1
train_015581.jpg,2,1
train_002038.jpg,2,1
train_012096.jpg,0,1
train_008786.jpg,2,1
train_005419.jpg,2,1
train_013035.jpg,0,1
train_003056.jpg,2,1
train_011067.jpg,1,1
train_014268.jpg,1,1
train_010832.jpg,2,1
train_015820.jpg,0,0
train_007057.jpg,1,1
train_005913.jpg,2,1
train_002307.jpg,2,1
train_005817.jpg,2,1
train_012349.jpg,2,1
train_012117.jpg,0,0
train_004416.jpg,2,1
train_009936.jpg,2,1
train_013141.jpg,1,0
train_004237.jpg,2,1
train_008305.jpg,2,1
train_001807.jpg,1,0
train_000007.jpg,2,1
train_010140.jpg,0,0
train_002871.jpg,2,1
train_009159.jpg,2,1
train_005788.jpg,0,0
train_008719.jpg,2,0
train_010986.jpg,2,1
train_000392.jpg,1,1
train_007426.jpg,2,0
train_014738.jpg,1,1
train_003404.jpg,2,1
train_015639.jpg,2,1
train_015486.jpg,1,0
train_003100.jpg,2,1
train_009708.jpg,2,1
train_015778.jpg,2,1
train_015677.jpg,2,0
train_006685.jpg,2,1
train_007443.jpg,2,1
train_007833.jpg,1,1
train_009559.jpg,2,1
train_013079.jpg,0,1
train_012815.jpg,0,0
train_014157.jpg,2,0
train_008962.jpg,1,1
train_004068.jpg,2,1
train_012774.jpg,2,1
train_013501.jpg,2,0
train_007646.jpg,2,1
train_008691.jpg,2,1
train_012403.jpg,2,1
train_007856.jpg,0,1
train_003643.jpg,2,1
train_005676.jpg,2,1
train_011917.jpg,2,1
train_002171.jpg,1,1
train_000397.jpg,2,0
train_011628.jpg,2,0
train_006422.jpg,2,1
train_014688.jpg,2,0
train_015287.jpg,0,0
train_004843.jpg,2,1
train_015711.jpg,2,1
train_000531.jpg,2,1
train_015460.jpg,2,1
train_012024.jpg,0,0
train_010428.jpg,2,0
train_007875.jpg,2,1
train_001198.jpg,2,1
train_004538.jpg,2,1
train_014190.jpg,0,1
train_008859.jpg,2,1
train_006706.jpg,0,1
train_014391.jpg,2,1
train_002048.jpg,2,1
train_013885.jpg,2,1
train_002173.jpg,2,0
train_008511.jpg,0,1
train_003179.jpg,0,1
train_005017.jpg,1,1
train_006049.jpg,2,0
train_013798.jpg,2,1
train_000165.jpg,2,1
train_005382.jpg,2,1
train_003704.jpg,0,1
train_008042.jpg,1,1
train_006593.jpg,2,1
train_012810.jpg,1,1
train_012674.jpg,2,1
train_011187.jpg,2,1
train_006666.jpg,0,1
train_004868.jpg,2,1
train_001390.jpg,2,1
train_007761.jpg,2,1
train_009799.jpg,2,1
train_009061.jpg,1,1
train_013085.jpg,0,1
train_015163.jpg,2,1
train_006063.jpg,1,1
train_008407.jpg,1,1
train_000156.jpg,0,1
train_012955.jpg,2,0
train_002953.jpg,1,1
train_001129.jpg,2,0
train_008394.jpg,1,1
train_011539.jpg,2,1
train_011004.jpg,2,1
train_007125.jpg,2,1
train_003565.jpg,2,1
train_004582.jpg,2,1
train_004728.jpg,2,1
train_006114.jpg,2,1
train_012631.jpg,2,0
train_015928.jpg,2,1
train_010800.jpg,2,0
train_007877.jpg,2,1
train_007960.jpg,1,1
train_005739.jpg,2,1
train_008166.jpg,0,1
train_004492.jpg,1,1
train_007872.jpg,1,1
train_015334.jpg,2,1
train_009298.jpg,1,1
train_014651.jpg,0,0
train_009476.jpg,0,1
train_003212.jpg,2,1
train_013503.jpg,2,1
train_015493.jpg,1,1
train_004899.jpg,2,1
train_002748.jpg,0,0
train_013724.jpg,2,1
train_001870.jpg,2,1
train_003025.jpg,0,1
train_014940.jpg,2,1
train_003007.jpg,2,1
train_004132.jpg,0,1
train_001081.jpg,1,0
train_016355.jpg,2,1
train_010758.jpg,1,1
train_001697.jpg,2,1
train_000678.jpg,2,1
train_006314.jpg,2,1
train_007915.jpg,2,1
train_009827.jpg,2,1
train_007428.jpg,1,1
train_013869.jpg,1,0
train_007299.jpg,0,0
train_010341.jpg,2,1
train_001166.jpg,2,1
train_000476.jpg,0,0
train_011807.jpg,2,1
train_007501.jpg,1,1
train_009822.jpg,2,1
train_011828.jpg,2,1
train_010063.jpg,2,1
train_014444.jpg,1,1
train_001448.jpg,1,1
train_012495.jpg,2,1
train_002024.jpg,2,1
train_001221.jpg,1,1
train_014204.jpg,2,1
train_002889.jpg,2,1
train_000125.jpg,1,1
train_003068.jpg,0,1
train_003430.jpg,2,1
train_014580.jpg,1,1
train_005734.jpg,2,1
train_008073.jpg,1,1
train_000506.jpg,2,1
train_014690.jpg,0,0
train_004682.jpg,0,1
train_012795.jpg,2,1
train_002601.jpg,1,1
train_006401.jpg,2,0
train_005170.jpg,1,1
train_009420.jpg,0,0
train_007250.jpg,2,1
train_001086.jpg,1,0
train_007587.jpg,2,1
train_004407.jpg,1,1
train_006305.jpg,2,1
train_003738.jpg,0,0
train_009608.jpg,2,1
train_003326.jpg,1,1
train_011980.jpg,1,1
train_000285.jpg,1,1
train_009652.jpg,2,1
train_007436.jpg,2,1
train_011463.jpg,1,1
train_008898.jpg,2,1
train_009116.jpg,2,1
train_004536.jpg,2,1
train_005728.jpg,2,0
train_000539.jpg,1,1
train_009167.jpg,2,1
train_013322.jpg,1,1
train_007341.jpg,0,1
train_003606.jpg,2,1
train_002627.jpg,2,1
train_003934.jpg,2,1
train_001865.jpg,2,1
train_008244.jpg,0,1
train_009543.jpg,1,1
train_014660.jpg,1,1
train_003208.jpg,2,1
train_003158.jpg,2,1
train_006193.jpg,1,1
train_008642.jpg,2,1
train_009912.jpg,0,0
train_007362.jpg,2,1
train_011551.jpg,1,1
train_000831.jpg,1,1
train_009828.jpg,1,1
train_009824.jpg,2,1
train_002368.jpg,1,1
train_002413.jpg,1,0
train_014885.jpg,2,1
train_002751.jpg,2,1
train_014259.jpg,2,1
train_002242.jpg,1,1
train_004932.jpg,2,1
train_004611.jpg,1,1
train_001687.jpg,2,1
train_003619.jpg,1,0
train_009065.jpg,1,1
train_012208.jpg,2,1
train_014782.jpg,2,1
train_000452.jpg,1,1
train_009514.jpg,0,1
train_006906.jpg,2,1
train_006714.jpg,2,0
train_004532.jpg,0,1
train_005888.jpg,0,1
train_000168.jpg,1,1
train_003744.jpg,2,1
train_008875.jpg,2,1
train_013226.jpg,2,1
train_010932.jpg,2,1
train_014674.jpg,2,0
train_012598.jpg,2,1
train_005108.jpg,1,1
train_012195.jpg,2,1
train_003917.jpg,2,1
train_015697.jpg,2,1
train_014595.jpg,0,1
train_013336.jpg,2,1
train_007914.jpg,2,1
train_010391.jpg,2,1
train_001601.jpg,2,1
train_006729.jpg,2,1
train_006787.jpg,2,1
train_009651.jpg,2,0
train_015492.jpg,1,0
train_014421.jpg,2,1
train_000746.jpg,2,1
train_004209.jpg,2,1
train_015013.jpg,2,1
train_011901.jpg,2,1
train_005201.jpg,0,0
train_009776.jpg,2,1
train_001344.jpg,2,1
train_002275.jpg,0,1
train_001656.jpg,1,1
train_014590.jpg,2,1
train_006160.jpg,1,1
train_004644.jpg,1,1
train_003703.jpg,2,1
train_007347.jpg,2,1
train_008023.jpg,0,1
train_000416.jpg,2,1
train_015369.jpg,2,1
train_012401.jpg,1,1
train_016285.jpg,1,1
train_013753.jpg,2,1
train_006180.jpg,1,1
train_011395.jpg,2,1
train_013177.jpg,2,1
train_011088.jpg,2,1
train_014679.jpg,2,1
train_010072.jpg,2,1
train_004332.jpg,1,1
train_008495.jpg,2,1
train_004528.jpg,2,1
train_007110.jpg,2,1
train_015791.jpg,1,1
train_010725.jpg,0,1
train_010480.jpg,2,1
train_010100.jpg,2,1
train_001712.jpg,1,1
train_012498.jpg,2,1
train_000723.jpg,2,1
train_011188.jpg,2,1
train_003938.jpg,2,1
train_012883.jpg,1,1
train_013974.jpg,2,1
train_014551.jpg,1,1
train_004284.jpg,2,1
train_003311.jpg,0,0
train_000337.jpg,1,0
train_008155.jpg,2,1
train_016073.jpg,2,1
train_014457.jpg,2,1
train_002658.jpg,2,1
train_003443.jpg,0,1
train_005454.jpg,2,1
train_009525.jpg,2,1
train_013720.jpg,2,1
train_000566.jpg,2,1
train_012226.jpg,1,1
train_007055.jpg,2,1
train_014417.jpg,0,1
train_004938.jpg,2,1
train_009041.jpg,0,1
train_015443.jpg,2,0
train_001471.jpg,2,1
train_003530.jpg,2,1
train_011431.jpg,2,0
train_014612.jpg,2,1
train_015223.jpg,2,1
train_010804.jpg,2,1
train_000374.jpg,2,1
train_004526.jpg,2,1
train_009230.jpg,2,1
train_013506.jpg,2,1
train_002828.jpg,2,0
train_005661.jpg,1,1
train_000270.jpg,1,1
train_010964.jpg,2,1
train_014960.jpg,2,0
train_004821.jpg,1,1
train_009261.jpg,2,0
train_004795.jpg,1,1
train_006007.jpg,1,0
train_010900.jpg,2,1
train_000610.jpg,1,0
train_013583.jpg,2,1
train_006011.jpg,2,1
train_004375.jpg,1,1
train_013334.jpg,0,1
train_015359.jpg,2,1
train_005388.jpg,2,1
train_013873.jpg,2,1
train_013055.jpg,1,1
train_007860.jpg,2,0
train_005004.jpg,2,1
train_009755.jpg,2,1
train_008656.jpg,2,1
train_010109.jpg,2,1
train_009790.jpg,2,1
train_014866.jpg,0,1
train_007410.jpg,1,1
train_007188.jpg,1,1
train_009318.jpg,2,1
train_007905.jpg,2,1
train_003004.jpg,2,1
train_010387.jpg,1,1
train_009900.jpg,2,0
train_016419.jpg,2,1
train_005409.jpg,0,1
train_011128.jpg,0,0
train_015218.jpg,0,1
train_015447.jpg,2,1
train_000850.jpg,2,0
train_006246.jpg,2,1
train_010554.jpg,2,1
train_010699.jpg,2,0
train_002333.jpg,2,0
train_015351.jpg,0,0
train_012959.jpg,2,1
train_009321.jpg,1,0
train_008102.jpg,2,1
train_004470.jpg,1,1
train_014742.jpg,1,1
train_016081.jpg,0,0
train_003739.jpg,2,1
train_012457.jpg,0,1
train_004466.jpg,2,1
train_015454.jpg,2,0
train_014362.jpg,2,1
train_004649.jpg,2,1
train_004558.jpg,0,0
train_004518.jpg,0,1
train_001948.jpg,1,0
train_016412.jpg,0,1
train_007409.jpg,2,1
train_008608.jpg,2,0
train_009367.jpg,1,1
train_008234.jpg,2,1
train_004151.jpg,2,1
train_004688.jpg,2,1
train_013980.jpg,2,1
train_000866.jpg,2,1
train_005769.jpg,1,1
train_010961.jpg,2,1
train_003982.jpg,2,1
train_006898.jpg,1,1
train_003385.jpg,2,1
train_004226.jpg,2,0
train_015008.jpg,2,1
train_010536.jpg,0,0
train_015211.jpg,2,1
train_008056.jpg,2,1
train_014519.jpg,0,1
train_013376.jpg,2,1
train_007126.jpg,1,1
train_014535.jpg,2,1
train_011695.jpg,1,1
train_009166.jpg,2,1
train_011147.jpg,0,0
train_001153.jpg,2,1
train_011417.jpg,1,1
train_006068.jpg,2,1
train_011984.jpg,2,0
train_009144.jpg,0,1
train_015264.jpg,2,1
train_004021.jpg,2,0
train_003493.jpg,2,1
train_006450.jpg,0,1
train_013339.jpg,2,1
train_014461.jpg,2,1
train_003170.jpg,2,1
train_012587.jpg,1,0
train_015166.jpg,2,1
train_010202.jpg,2,0
train_000992.jpg,2,1
train_000341.jpg,1,1
train_016086.jpg,2,0
train_003165.jpg,2,1
train_000525.jpg,2,1
train_001190.jpg,2,1
train_007649.jpg,1,1
train_000972.jpg,2,0
train_004092.jpg,2,1
train_005898.jpg,2,1
train_007450.jpg,1,1
train_008820.jpg,2,1
train_009171.jpg,2,0
train_008770.jpg,2,1
train_003285.jpg,2,1
train_007446.jpg,2,1
train_001383.jpg,2,1
train_016046.jpg,2,1
train_012548.jpg,2,1
train_008548.jpg,1,1
train_005331.jpg,1,1
train_014539.jpg,2,1
train_007823.jpg,2,1
train_011027.jpg,2,0
train_000029.jpg,2,1
train_008293.jpg,1,1
train_001744.jpg,1,1
train_002914.jpg,2,1
train_009422.jpg,1,1
train_007864.jpg,2,0
train_002125.jpg,1,1
train_008850.jpg,2,0
train_014344.jpg,2,1
train_008706.jpg,2,1
train_001985.jpg,1,1
train_003903.jpg,2,0
train_015174.jpg,0,1
train_003749.jpg,2,1
train_001797.jpg,2,1
train_014620.jpg,2,1
train_012875.jpg,0,0
train_000333.jpg,2,1
train_008481.jpg,2,0
train_014864.jpg,2,1
train_008401.jpg,1,1
train_007084.jpg,2,1
train_011476.jpg,2,1
train_006604.jpg,2,1
train_002711.jpg,1,1
train_011232.jpg,1,1
train_005031.jpg,2,1
train_003491.jpg,0,1
train_007568.jpg,2,1
train_001588.jpg,0,0
train_005451.jpg,2,1
train_012409.jpg,2,1
train_015034.jpg,2,1
train_010051.jpg,2,1
train_000405.jpg,2,1
train_002118.jpg,2,0
train_011007.jpg,2,1
train_006866.jpg,2,1
train_009508.jpg,1,1
train_014422.jpg,2,1
train_012436.jpg,0,1
train_007653.jpg,0,1
train_003522.jpg,2,1
train_009118.jpg,2,1
train_015435.jpg,2,1
train_013435.jpg,0,1
train_009175.jpg,2,0
train_004568.jpg,0,1
train_014020.jpg,0,1
train_003713.jpg,0,0
train_013904.jpg,2,1
train_015696.jpg,2,1
train_012406.jpg,1,0
train_005585.jpg,2,1
train_013514.jpg,2,1
train_004820.jpg,2,1
train_005113.jpg,2,1
train_010710.jpg,2,1
train_002301.jpg,1,1
train_008981.jpg,2,1
train_001854.jpg,1,1
train_010927.jpg,0,1
train_002456.jpg,2,1
train_015720.jpg,2,1
train_013294.jpg,2,1
train_013796.jpg,2,1
train_002274.jpg,0,1
train_016100.jpg,2,1
train_005571.jpg,2,1
train_011325.jpg,2,1
train_002417.jpg,0,1
train_006968.jpg,2,1
train_008832.jpg,2,1
train_003719.jpg,2,1
train_010080.jpg,0,0
train_014513.jpg,0,0
train_001522.jpg,1,1
train_002236.jpg,2,1
train_007482.jpg,0,0
train_014282.jpg,0,0
train_004579.jpg,2,1
train_007092.jpg,2,1
train_005317.jpg,2,1
train_007385.jpg,0,0
train_014800.jpg,1,1
train_007958.jpg,2,1
train_004637.jpg,2,0
train_010548.jpg,0,1
train_004891.jpg,2,1
train_004424.jpg,2,1
train_011019.jpg,2,1
train_013645.jpg,2,1
train_011099.jpg,0,0
train_005931.jpg,2,1
train_008561.jpg,2,1
train_010359.jpg,1,0
train_010451.jpg,0,1
train_001548.jpg,2,1
train_002441.jpg,2,1
train_001358.jpg,2,1
train_002708.jpg,2,1
train_009703.jpg,2,1
train_013287.jpg,2,0
train_003163.jpg,2,1
train_008188.jpg,1,1
train_005379.jpg,2,1
train_010298.jpg,2,1
train_009723.jpg,1,1
train_010038.jpg,2,0
train_009818.jpg,1,1
train_003508.jpg,2,1
train_001569.jpg,1,1
train_012729.jpg,2,1
train_013210.jpg,0,0
train_010826.jpg,1,1
train_004836.jpg,2,1
train_013595.jpg,2,1
train_015572.jpg,2,1
train_010975.jpg,2,1
train_005072.jpg,2,1
train_007325.jpg,2,1
train_011464.jpg,0,1
train_003807.jpg,2,1
train_008082.jpg,0,0
train_006817.jpg,2,1
train_006523.jpg,1,1
train_007713.jpg,2,1
train_016296.jpg,0,0
train_007509.jpg,2,0
train_008612.jpg,2,1
train_007346.jpg,0,1
train_002781.jpg,1,1
train_006054.jpg,2,1
train_008346.jpg,2,1
train_007845.jpg,2,1
train_011974.jpg,2,1
train_005952.jpg,2,0
train_006716.jpg,2,1
train_006557.jpg,2,1
train_000286.jpg,1,1
train_004158.jpg,2,1
train_001000.jpg,1,1
train_008899.jpg,2,0
train_005877.jpg,2,1
train_006164.jpg,2,1
train_016307.jpg,2,1
train_009411.jpg,0,1
train_009169.jpg,2,1
train_006158.jpg,0,0
train_000636.jpg,1,1
train_003526.jpg,1,1
train_007766.jpg,2,1
train_005986.jpg,2,1
train_002297.jpg,2,1
train_002139.jpg,1,1
train_016179.jpg,2,1
train_014905.jpg,2,1
train_015960.jpg,2,1
train_010389.jpg,1,1
train_002499.jpg,2,1
train_014485.jpg,2,1
train_016106.jpg,2,1
train_006066.jpg,2,1
train_000095.jpg,2,1
train_006912.jpg,2,1
train_012842.jpg,2,0
train_013019.jpg,2,1
train_011405.jpg,2,1
train_014411.jpg,2,1
train_008911.jpg,0,0
train_009111.jpg,2,1
train_008855.jpg,0,1
train_005441.jpg,1,1
train_006381.jpg,2,1
train_012262.jpg,2,0
train_001159.jpg,2,1
train_007255.jpg,2,1
train_007858.jpg,2,1
train_015808.jpg,2,1
train_005507.jpg,1,1
train_000495.jpg,0,0
train_012073.jpg,2,0
train_011916.jpg,1,1
train_012746.jpg,1,1
train_010020.jpg,0,0
train_003797.jpg,2,1
train_001364.jpg,2,1
train_004391.jpg,1,1
train_007545.jpg,0,1
train_012999.jpg,2,1
train_011603.jpg,2,0
train_013026.jpg,2,1
train_000338.jpg,0,0
train_006216.jpg,2,1
train_004246.jpg,2,1
train_009417.jpg,2,1
train_009208.jpg,0,1
train_000092.jpg,0,0
train_014937.jpg,2,1
train_016265.jpg,2,1
train_002885.jpg,1,1
train_015892.jpg,1,1
train_015569.jpg,2,1
train_005600.jpg,1,1
train_012347.jpg,0,0
train_000220.jpg,2,1
train_007283.jpg,2,1
train_012032.jpg,2,1
train_002716.jpg,2,0
train_000407.jpg,2,1
train_011564.jpg,2,1
train_011597.jpg,2,1
train_000829.jpg,2,1
train_007322.jpg,2,1
train_014954.jpg,2,1
train_004462.jpg,0,1
train_003032.jpg,0,0
train_009938.jpg,1,1
train_006880.jpg,1,1
train_003566.jpg,2,0
train_003999.jpg,2,1
train_001097.jpg,2,1
train_012201.jpg,2,1
train_005142.jpg,2,1
train_012118.jpg,2,0
train_006988.jpg,1,1
train_000778.jpg,2,1
train_008601.jpg,1,1
train_005752.jpg,2,1
train_006053.jpg,2,1
train_003811.jpg,2,1
train_015612.jpg,2,1
train_002112.jpg,2,0
train_010178.jpg,2,1
train_004968.jpg,0,0
train_001717.jpg,0,1
train_009239.jpg,2,1
train_006174.jpg,0,0
train_007891.jpg,2,1
train_005135.jpg,2,1
train_001829.jpg,1,1
train_012911.jpg,2,1
train_003767.jpg,2,1
train_013515.jpg,2,1
train_005712.jpg,0,0
train_010663.jpg,2,1
train_007267.jpg,0,0
train_002305.jpg,0,1
train_004635.jpg,2,1
train_005587.jpg,1,1
train_002985.jpg,0,1
train_014023.jpg,0,1
train_014625.jpg,2,1
train_010455.jpg,2,1
train_002153.jpg,0,1
train_011883.jpg,2,1
train_006182.jpg,2,1
train_000535.jpg,2,1
train_006797.jpg,2,1
train_010850.jpg,2,1
train_010130.jpg,2,1
train_014235.jpg,2,1
train_004366.jpg,1,1
train_014488.jpg,0,1
train_012604.jpg,0,1
train_003281.jpg,2,1
train_002495.jpg,2,1
train_011197.jpg,2,1
train_013819.jpg,2,1
train_013573.jpg,2,1
train_004349.jpg,2,1
train_001157.jpg,0,0
train_012662.jpg,2,1
train_011410.jpg,1,1
train_003483.jpg,2,1
train_002252.jpg,0,0
train_011660.jpg,1,1
train_001405.jpg,2,1
train_007003.jpg,2,1
train_012976.jpg,2,1
train_006062.jpg,0,0
train_001331.jpg,2,1
train_011072.jpg,1,1
train_003575.jpg,2,1
train_000305.jpg,0,1
train_009607.jpg,0,0
train_006278.jpg,2,1
train_001298.jpg,0,0
train_010796.jpg,2,1
train_013864.jpg,0,0
train_010196.jpg,0,1
train_012836.jpg,2,1
train_005655.jpg,1,1
train_002195.jpg,2,1
train_000620.jpg,0,0
train_003708.jpg,1,0
train_000767.jpg,2,1
train_004800.jpg,2,0
train_016268.jpg,0,1
train_010034.jpg,2,1
train_004660.jpg,1,1
train_007402.jpg,1,1
train_001650.jpg,2,1
train_002350.jpg,1,1
train_015253.jpg,2,1
train_007622.jpg,0,1
train_006577.jpg,2,1
train_016359.jpg,2,1
train_007781.jpg,2,1
train_002625.jpg,0,1
train_011178.jpg,0,0
train_001830.jpg,2,1
train_011768.jpg,1,1
train_001582.jpg,2,1
train_008862.jpg,2,0
train_015899.jpg,0,1
train_005346.jpg,1,1
train_002493.jpg,2,1
train_008447.jpg,2,1
train_008948.jpg,0,0
train_001074.jpg,2,1
train_014662.jpg,2,1
train_014732.jpg,1,1
train_011538.jpg,1,0
train_010075.jpg,2,1
train_013196.jpg,2,1
train_011269.jpg,0,0
train_007442.jpg,2,1
train_013961.jpg,2,1
train_006383.jpg,2,1
train_006111.jpg,2,1
train_003675.jpg,2,1
train_007024.jpg,2,1
train_016258.jpg,2,1
train_003921.jpg,2,1
train_011800.jpg,2,1
train_011427.jpg,2,1
train_015665.jpg,2,1
train_009178.jpg,2,0
train_000795.jpg,2,1
train_000011.jpg,2,1
train_011812.jpg,1,1
train_012334.jpg,2,1
train_003005.jpg,2,1
train_014113.jpg,2,0
train_004826.jpg,2,1
train_002109.jpg,1,0
train_001009.jpg,0,1
train_011352.jpg,2,1
train_009055.jpg,2,1
train_005934.jpg,2,1
train_006494.jpg,2,1
train_010608.jpg,2,1
train_006987.jpg,2,1
train_009979.jpg,2,1
train_014840.jpg,2,1
train_014602.jpg,0,0
train_001235.jpg,2,1
train_007531.jpg,0,0
train_008383.jpg,2,1
train_012404.jpg,2,1
train_001048.jpg,0,0
train_014314.jpg,0,1
train_006656.jpg,2,1
train_012212.jpg,2,1
train_003062.jpg,2,1
train_013257.jpg,0,1
train_003590.jpg,2,1
train_007825.jpg,2,0
train_006403.jpg,2,1
train_006436.jpg,2,1
train_012647.jpg,2,1
train_000346.jpg,2,1
train_003364.jpg,2,1
train_005586.jpg,2,1
train_008301.jpg,2,1
train_002193.jpg,1,1
train_003434.jpg,2,1
train_010891.jpg,2,1
train_001327.jpg,0,0
train_011968.jpg,2,1
train_002381.jpg,0,0
train_012068.jpg,0,0
train_007564.jpg,1,1
train_003819.jpg,0,1
train_009037.jpg,2,1
train_002836.jpg,1,1
train_011648.jpg,0,1
train_007698.jpg,2,1
train_004847.jpg,2,1
train_012435.jpg,2,1
train_015777.jpg,2,1
train_005432.jpg,0,1
train_013060.jpg,2,1
train_002238.jpg,1,1
train_006576.jpg,2,0
train_015113.jpg,1,1
train_014217.jpg,2,1
train_006238.jpg,1,1
train_007724.jpg,2,1
train_011529.jpg,2,1
train_005823.jpg,2,1
train_007876.jpg,1,1
train_001080.jpg,2,1
train_005480.jpg,1,1
train_010802.jpg,2,1
train_001263.jpg,2,0
train_007683.jpg,2,1
train_009522.jpg,2,1
train_008529.jpg,2,1
train_004985.jpg,2,1
train_001928.jpg,0,0
train_007371.jpg,2,1
train_007715.jpg,2,1
train_014218.jpg,2,1
train_006785.jpg,2,1
train_006674.jpg,2,1
train_005080.jpg,2,1
train_002808.jpg,2,1
train_006650.jpg,2,1
train_012846.jpg,2,1
train_009066.jpg,1,1
train_009466.jpg,2,1
train_009020.jpg,0,1
train_010741.jpg,2,1
train_010264.jpg,2,1
train_002183.jpg,1,1
train_014851.jpg,2,1
train_001183.jpg,2,1
train_015056.jpg,2,1
train_002165.jpg,2,1
train_009129.jpg,0,1
train_011543.jpg,1,1
train_005326.jpg,2,1
train_010888.jpg,1,1
train_002895.jpg,2,1
train_015505.jpg,2,1
train_015576.jpg,1,1
train_013463.jpg,2,0
train_008065.jpg,2,1
train_012813.jpg,0,1
train_012110.jpg,0,0
train_014109.jpg,1,1
train_015909.jpg,2,1
train_011776.jpg,2,0
train_011312.jpg,2,1
train_000879.jpg,1,1
train_003088.jpg,2,1
train_002432.jpg,2,1
train_002497.jpg,0,0
train_007770.jpg,1,1
train_016319.jpg,2,1
train_012777.jpg,1,1
train_013484.jpg,2,0
train_015237.jpg,0,0
train_005459.jpg,0,0
train_001260.jpg,0,0
train_011324.jpg,2,0
train_000196.jpg,2,1
train_000158.jpg,2,1
train_012370.jpg,0,0
train_003790.jpg,2,1
train_002944.jpg,2,1
train_011556.jpg,2,0
train_015589.jpg,2,1
train_004774.jpg,2,1
train_000378.jpg,2,1
train_013340.jpg,2,1
train_007712.jpg,2,1
train_003291.jpg,0,0
train_001132.jpg,2,1
train_014468.jpg,2,1
train_013492.jpg,0,0
train_004077.jpg,2,1
train_015670.jpg,2,1
train_016183.jpg,0,1
train_011574.jpg,2,1
train_009453.jpg,0,0
train_011487.jpg,0,1
train_003282.jpg,2,1
train_001061.jpg,0,1
train_008192.jpg,2,0
train_001974.jpg,2,1
train_000200.jpg,2,1
train_006810.jpg,2,1
train_005306.jpg,2,1
train_010889.jpg,2,1
train_012108.jpg,2,1
train_001734.jpg,2,1
train_007051.jpg,2,1
train_004324.jpg,2,1
train_002742.jpg,2,1
train_012315.jpg,1,1
train_002155.jpg,0,0
train_004027.jpg,0,1
train_004906.jpg,0,1
train_013496.jpg,2,1
train_005979.jpg,2,1
train_011582.jpg,0,0
train_016223.jpg,2,1
train_005620.jpg,2,1
train_007420.jpg,2,1
train_013479.jpg,1,0
train_012257.jpg,2,1
train_008310.jpg,2,1
train_014188.jpg,0,1
train_011891.jpg,2,1
train_015636.jpg,2,1
train_011518.jpg,1,1
train_011343.jpg,2,1
train_014094.jpg,2,1
train_012605.jpg,2,1
train_015511.jpg,2,1
train_012267.jpg,1,1
train_013922.jpg,2,1
train_012355.jpg,2,1
train_011192.jpg,2,1
train_006578.jpg,2,1
train_007624.jpg,2,1
train_005988.jpg,2,0
train_002935.jpg,1,1
train_000551.jpg,0,0
train_005079.jpg,2,1
train_012789.jpg,2,0
train_009655.jpg,1,1
train_001801.jpg,1,1
train_007354.jpg,2,1
train_000741.jpg,1,0
train_006498.jpg,2,1
train_001029.jpg,0,1
train_009601.jpg,2,1
train_003484.jpg,2,1
train_011079.jpg,2,1
train_004642.jpg,1,0
train_000111.jpg,2,1
train_008741.jpg,2,1
train_008710.jpg,2,1
train_009392.jpg,2,1
train_005328.jpg,2,1
train_000864.jpg,2,0
train_007129.jpg,0,1
train_013605.jpg,2,1
train_002371.jpg,2,1
train_011722.jpg,2,1
train_013835.jpg,2,1
train_003661.jpg,2,1
train_000840.jpg,1,1
train_013215.jpg,2,1
train_000589.jpg,2,0
train_012101.jpg,0,0
train_011719.jpg,2,1
train_015901.jpg,2,1
train_013051.jpg,0,0
train_004212.jpg,2,1
train_013991.jpg,2,1
train_012943.jpg,2,1
train_008196.jpg,2,0
train_005185.jpg,2,1
train_012396.jpg,2,1
train_000258.jpg,2,0
train_002385.jpg,1,1
train_013623.jpg,2,1
train_015331.jpg,2,1
train_010171.jpg,2,1
train_012300.jpg,0,1
train_004070.jpg,2,1
train_006994.jpg,2,1
train_001837.jpg,2,1
train_005791.jpg,0,0
train_013097.jpg,1,1
train_004662.jpg,2,1
train_002289.jpg,2,1
train_011435.jpg,2,1
train_002099.jpg,0,1
train_006326.jpg,0,0
train_000659.jpg,1,0
train_015489.jpg,2,1
train_004103.jpg,2,1
train_009361.jpg,2,1
train_016388.jpg,2,1
train_001494.jpg,1,1
train_001245.jpg,2,1
train_006649.jpg,2,1
train_012097.jpg,0,0
train_014599.jpg,0,0
train_005420.jpg,1,1
train_011348.jpg,2,1
train_013635.jpg,1,1
train_009400.jpg,2,1
train_003131.jpg,2,1
train_002323.jpg,2,1
train_011465.jpg,2,1
train_000403.jpg,2,1
train_007885.jpg,2,1
train_008816.jpg,0,1
train_002862.jpg,2,1
train_004930.jpg,2,1
train_007593.jpg,1,1
train_012668.jpg,2,1
train_005074.jpg,0,0
train_008430.jpg,2,1
train_012458.jpg,1,1
train_012133.jpg,2,1
train_004215.jpg,1,0
train_011740.jpg,2,0
train_015640.jpg,2,1
train_004117.jpg,0,0
train_015768.jpg,2,1
train_001355.jpg,2,1
train_013893.jpg,2,1
train_007329.jpg,2,1
train_011112.jpg,2,1
train_009304.jpg,2,1
train_002804.jpg,2,1
train_013918.jpg,1,1
train_000590.jpg,2,0
train_013277.jpg,1,1
train_011422.jpg,0,0
train_012638.jpg,2,1
train_002086.jpg,2,0
train_013080.jpg,0,0
train_015364.jpg,2,1
train_011481.jpg,2,1
train_004076.jpg,2,1
train_002464.jpg,2,0
train_014605.jpg,1,0
train_014016.jpg,2,1
train_012847.jpg,0,1
train_008230.jpg,2,1
train_012727.jpg,2,1
train_003009.jpg,0,1
train_000784.jpg,2,1
train_001764.jpg,2,0
train_003218.jpg,0,1
train_009953.jpg,2,1
train_013319.jpg,2,1
train_011983.jpg,2,1
train_003674.jpg,1,0
train_004163.jpg,2,1
train_003836.jpg,2,1
train_000798.jpg,2,1
train_013948.jpg,2,1
train_011956.jpg,1,1
train_009341.jpg,1,0
train_000768.jpg,1,1
train_004009.jpg,0,0
train_003079.jpg,2,1
train_002087.jpg,2,1
train_015780.jpg,0,0
train_012877.jpg,0,0
train_012645.jpg,2,1
train_012914.jpg,2,0
train_001296.jpg,2,1
train_009454.jpg,2,1
train_012375.jpg,1,1
train_008304.jpg,0,1
train_015614.jpg,2,0
train_007614.jpg,0,1
train_015316.jpg,2,1
train_010903.jpg,1,1
train_010630.jpg,2,1
train_001660.jpg,2,1
train_012636.jpg,2,1
train_012088.jpg,2,1
train_001889.jpg,2,0
train_003905.jpg,2,1
train_000469.jpg,2,1
train_000512.jpg,2,0
train_002675.jpg,2,1
train_007524.jpg,0,0
train_012438.jpg,2,1
train_007574.jpg,2,1
train_012916.jpg,2,1
train_001885.jpg,0,0
train_013326.jpg,2,1
train_006612.jpg,2,1
train_007484.jpg,2,1
train_005592.jpg,2,1
train_008118.jpg,0,1
train_001532.jpg,2,1
train_005937.jpg,1,1
train_015982.jpg,1,1
train_006248.jpg,1,1
train_006893.jpg,2,1
train_004488.jpg,1,1
train_002975.jpg,2,1
train_005796.jpg,2,1
train_014475.jpg,1,1
train_002146.jpg,1,1
train_009447.jpg,0,1
train_003638.jpg,2,1
train_013538.jpg,2,1
train_002488.jpg,2,1
train_013072.jpg,2,1
train_009649.jpg,2,0
train_008893.jpg,2,1
train_004179.jpg,2,1
train_003962.jpg,0,1
train_011169.jpg,2,1
train_005980.jpg,2,1
train_006250.jpg,2,1
train_003610.jpg,2,1
train_008045.jpg,0,1
train_010808.jpg,2,1
train_015209.jpg,2,1
train_009007.jpg,2,1
train_013613.jpg,2,0
train_005354.jpg,2,1
train_001035.jpg,0,1
train_001969.jpg,0,0
train_015597.jpg,1,1
train_012235.jpg,2,1
train_005251.jpg,2,1
train_005438.jpg,2,1
train_000500.jpg,2,1
train_010240.jpg,2,0
train_015933.jpg,1,0
train_001201.jpg,2,0
train_009404.jpg,2,0
train_000614.jpg,1,1
train_001167.jpg,2,1
train_002976.jpg,1,1
train_007680.jpg,1,1
train_001371.jpg,1,0
train_000838.jpg,2,1
train_001702.jpg,1,1
train_007206.jpg,2,1
train_007857.jpg,2,1
train_006349.jpg,2,1
train_003918.jpg,0,0
train_000368.jpg,1,1
train_003409.jpg,2,0
train_007969.jpg,2,1
train_001730.jpg,2,1
train_004542.jpg,2,1
train_004525.jpg,1,1
train_010660.jpg,2,1
train_015004.jpg,1,1
train_015616.jpg,2,1
train_005557.jpg,0,0
train_014026.jpg,2,1
train_003547.jpg,2,1
train_015929.jpg,2,1
train_007900.jpg,2,1
train_009383.jpg,0,1
train_015531.jpg,1,0
train_012732.jpg,2,1
train_009370.jpg,2,1
train_009534.jpg,2,0
train_011796.jpg,0,1
train_014556.jpg,0,1
train_006416.jpg,0,1
train_015180.jpg,1,1
train_015048.jpg,2,1
train_014402.jpg,1,1
train_001831.jpg,1,1
train_004055.jpg,2,1
train_001316.jpg,2,1
train_003110.jpg,1,1
train_007809.jpg,2,1
train_001637.jpg,2,1
train_000701.jpg,2,1
train_010672.jpg,2,1
train_004503.jpg,2,1
train_005364.jpg,2,1
train_006763.jpg,2,1
train_008970.jpg,2,1
train_005174.jpg,2,1
train_001514.jpg,2,1
train_007063.jpg,2,0
train_007429.jpg,2,1
train_001189.jpg,0,1
train_009280.jpg,2,1
train_006251.jpg,2,1
train_000373.jpg,2,1
train_001401.jpg,0,0
train_000056.jpg,2,1
train_014070.jpg,0,1
train_000956.jpg,2,1
train_010082.jpg,0,1
train_000453.jpg,2,1
train_010781.jpg,2,1
train_004963.jpg,0,1
train_000240.jpg,2,1
train_003823.jpg,2,1
train_009140.jpg,2,1
train_005974.jpg,2,0
train_008603.jpg,0,0
train_016079.jpg,2,1
train_005146.jpg,0,0
train_005754.jpg,1,0
train_008952.jpg,2,0
train_004170.jpg,1,1
train_000101.jpg,1,1
train_016378.jpg,2,1
train_013779.jpg,2,0
train_007818.jpg,2,1
train_011967.jpg,2,1
train_004316.jpg,1,1
train_001635.jpg,1,1
train_011994.jpg,0,0
train_004926.jpg,2,1
train_013606.jpg,1,1
train_004400.jpg,2,0
train_004390.jpg,2,1
train_000065.jpg,2,1
train_005924.jpg,2,0
train_011700.jpg,2,1
train_014573.jpg,2,1
train_001655.jpg,1,1
train_010570.jpg,1,1
train_002092.jpg,2,1
train_010577.jpg,1,1
train_009958.jpg,2,1
train_008320.jpg,2,1
train_003509.jpg,1,1
train_002317.jpg,2,1
train_015919.jpg,2,1
train_013886.jpg,2,1
train_012888.jpg,2,1
train_003786.jpg,2,1
train_001477.jpg,0,1
train_007355.jpg,2,1
train_014546.jpg,2,1
train_008771.jpg,1,1
train_012111.jpg,2,1
train_002105.jpg,1,1
train_007262.jpg,2,0
train_005654.jpg,2,1
train_003346.jpg,2,1
train_001310.jpg,2,1
train_012199.jpg,1,1
train_010377.jpg,2,1
train_010381.jpg,2,1
train_015271.jpg,2,1
train_003583.jpg,0,0
train_009996.jpg,2,0
train_015832.jpg,2,1
train_015880.jpg,0,1
train_008381.jpg,2,1
train_003492.jpg,2,1
train_013111.jpg,2,1
train_003821.jpg,2,1
train_013740.jpg,1,1
train_007586.jpg,2,1
train_008790.jpg,2,1
train_001943.jpg,2,1
train_007748.jpg,2,1
train_013562.jpg,2,0
train_008628.jpg,2,1
train_013394.jpg,1,1
train_012496.jpg,2,0
train_007411.jpg,2,0
train_006358.jpg,0,0
train_016070.jpg,2,1
train_013900.jpg,2,1
train_004443.jpg,2,1
train_009432.jpg,0,1
train_010858.jpg,2,1
train_007364.jpg,2,1
train_000171.jpg,0,0
train_001760.jpg,1,1
train_015422.jpg,1,1
train_014464.jpg,2,0
train_006463.jpg,2,1
train_007869.jpg,2,1
train_009588.jpg,2,1
train_006017.jpg,1,1
train_013671.jpg,2,1
train_000497.jpg,2,1
train_015673.jpg,2,1
train_013266.jpg,2,1
train_000191.jpg,2,1
train_015950.jpg,0,0
train_005427.jpg,2,0
train_001828.jpg,2,1
train_004818.jpg,2,1
train_010591.jpg,1,1
train_007536.jpg,2,1
train_013868.jpg,2,1
train_001089.jpg,2,1
train_005217.jpg,1,1
train_002880.jpg,0,1
train_012035.jpg,2,1
train_003077.jpg,2,1
train_010039.jpg,0,0
train_008294.jpg,0,1
train_016207.jpg,2,0
train_010824.jpg,2,1
train_004785.jpg,2,1
train_005818.jpg,1,1
train_015510.jpg,2,1
train_013139.jpg,2,1
train_014101.jpg,2,1
train_008938.jpg,1,1
train_004446.jpg,0,0
train_001545.jpg,2,1
train_001675.jpg,0,1
train_003702.jpg,0,1
train_001023.jpg,1,1
train_004494.jpg,2,1
train_003119.jpg,0,0
train_013418.jpg,2,0
train_007831.jpg,2,1
train_015978.jpg,2,1
train_000187.jpg,0,0
train_011244.jpg,0,1
train_006181.jpg,2,1
train_009314.jpg,1,1
train_012344.jpg,2,0
train_004164.jpg,2,1
train_007306.jpg,2,1
train_008571.jpg,2,1
train_008041.jpg,2,1
train_005995.jpg,2,1
train_005090.jpg,2,0
train_014355.jpg,2,1
train_009623.jpg,0,1
train_004382.jpg,2,0
train_004639.jpg,2,1
train_009718.jpg,2,1
train_000689.jpg,1,1
train_013733.jpg,0,1
train_006603.jpg,2,1
train_015528.jpg,1,1
train_011940.jpg,0,1
train_013590.jpg,2,1
train_012874.jpg,0,1
train_004104.jpg,0,0
train_006173.jpg,2,1
train_002932.jpg,2,1
train_009981.jpg,2,1
train_007211.jpg,2,1
train_015441.jpg,2,1
train_002261.jpg,2,1
train_014177.jpg,2,1
train_001231.jpg,0,0
train_009228.jpg,2,1
train_003254.jpg,0,1
train_006260.jpg,1,1
train_015330.jpg,1,1
train_006850.jpg,0,0
train_009893.jpg,2,1
train_001603.jpg,2,1
train_011356.jpg,1,1
train_007137.jpg,2,1
train_010732.jpg,0,0
train_013360.jpg,2,1
train_000922.jpg,2,1
train_009807.jpg,2,1
train_001755.jpg,2,1
train_002530.jpg,1,1
train_013229.jpg,1,1
train_005610.jpg,2,0
train_010890.jpg,0,1
train_011655.jpg,1,1
train_010345.jpg,2,1
train_005123.jpg,0,0
train_015498.jpg,2,1
train_008748.jpg,2,1
train_008046.jpg,2,1
train_007861.jpg,2,0
train_003631.jpg,2,1
train_007127.jpg,0,1
train_015075.jpg,0,1
train_008533.jpg,2,0
train_000360.jpg,2,1
train_009137.jpg,2,1
train_004231.jpg,2,1
train_004081.jpg,0,0
train_013684.jpg,2,1
train_015306.jpg,1,1
train_008129.jpg,2,1
train_011639.jpg,0,0
train_014907.jpg,0,1
train_009560.jpg,2,1
train_005226.jpg,0,0
train_009612.jpg,2,1
train_002175.jpg,2,1
train_008066.jpg,2,1
train_003926.jpg,0,1
train_005336.jpg,2,1
train_009082.jpg,2,1
train_011863.jpg,2,1
train_014799.jpg,2,1
train_013938.jpg,2,1
train_016256.jpg,0,1
train_009860.jpg,2,1
train_012433.jpg,2,1
train_010966.jpg,1,1
train_005118.jpg,2,1
train_012861.jpg,2,1
train_006833.jpg,0,0
train_016194.jpg,1,1
train_014727.jpg,2,0
train_010338.jpg,2,1
train_008736.jpg,2,1
train_012078.jpg,0,1
train_000648.jpg,2,1
train_004345.jpg,2,1
train_004273.jpg,2,1
train_010834.jpg,2,1
train_000933.jpg,2,1
train_000243.jpg,2,1
train_012387.jpg,2,1
train_007147.jpg,2,1
train_007314.jpg,0,1
train_015378.jpg,2,1
train_016103.jpg,2,1
train_000385.jpg,2,1
train_000574.jpg,2,1
train_011716.jpg,2,1
train_005469.jpg,0,1
train_012928.jpg,1,1
train_004736.jpg,2,1
train_003258.jpg,0,1
train_003550.jpg,2,1
train_007104.jpg,2,1
train_014451.jpg,2,1
train_001992.jpg,2,1
train_013151.jpg,2,1
train_012625.jpg,2,1
train_001313.jpg,0,0
train_002088.jpg,2,1
train_001554.jpg,0,1
train_013075.jpg,2,1
train_008575.jpg,2,1
train_012164.jpg,2,1
train_006297.jpg,2,1
train_012278.jpg,2,1
train_005464.jpg,2,0
train_005213.jpg,1,0
train_001232.jpg,2,0
train_014828.jpg,2,1
train_011818.jpg,2,1
train_001273.jpg,2,1
train_001937.jpg,1,1
train_011142.jpg,0,0
train_001883.jpg,0,1
train_016390.jpg,2,1
train_004835.jpg,2,0
train_003324.jpg,2,1
train_001584.jpg,2,1
train_008279.jpg,2,1
train_014494.jpg,2,1
train_005250.jpg,2,1
train_010028.jpg,2,1
train_003288.jpg,0,0
train_016384.jpg,2,1
train_001910.jpg,2,1
train_008217.jpg,1,1
train_002863.jpg,0,0
train_011129.jpg,2,1
train_013643.jpg,0,0
train_006975.jpg,1,0
train_007390.jpg,2,0
train_006847.jpg,1,1
train_004979.jpg,2,1
train_010036.jpg,2,1
train_001391.jpg,2,1
train_003260.jpg,2,1
train_000845.jpg,0,1
train_002534.jpg,2,1
train_016228.jpg,2,0
train_007497.jpg,1,1
train_000696.jpg,2,1
train_001108.jpg,0,1
train_008488.jpg,2,1
train_000940.jpg,2,1
train_006750.jpg,2,1
train_006262.jpg,2,1
train_006044.jpg,2,1
train_015701.jpg,1,1
train_003726.jpg,1,1
train_007499.jpg,2,1
train_003136.jpg,2,0
train_012696.jpg,2,1
train_005415.jpg,0,1
train_001700.jpg,2,1
train_014095.jpg,1,1
train_006506.jpg,1,1
train_003255.jpg,2,1
train_005449.jpg,2,1
train_015618.jpg,0,1
train_014989.jpg,0,0
train_004489.jpg,2,0
train_004625.jpg,2,1
train_006952.jpg,2,1
train_012728.jpg,2,1
train_008083.jpg,2,1
train_000971.jpg,2,1
train_008566.jpg,2,1
train_015304.jpg,2,1
train_009033.jpg,2,1
train_008111.jpg,2,1
train_004247.jpg,0,0
train_012186.jpg,2,1
train_008113.jpg,2,1
train_005304.jpg,2,1
train_012977.jpg,2,1
train_013124.jpg,2,1
train_008657.jpg,2,1
train_002822.jpg,2,1
train_013171.jpg,2,1
train_004734.jpg,2,1
train_003960.jpg,0,1
train_009571.jpg,0,1
train_010266.jpg,2,1
train_003396.jpg,2,1
train_001094.jpg,1,1
train_005428.jpg,0,0
train_002851.jpg,0,0
train_011699.jpg,2,1
train_004210.jpg,1,1
train_015148.jpg,2,1
train_006958.jpg,2,1
train_001291.jpg,1,1
train_011391.jpg,0,0
train_005093.jpg,2,1
train_011922.jpg,2,1
train_010432.jpg,2,1
train_003857.jpg,2,1
train_013094.jpg,2,1
train_011309.jpg,2,1
train_001623.jpg,1,1
train_014129.jpg,2,1
train_015984.jpg,0,1
train_000145.jpg,2,0
train_005124.jpg,2,1
train_004285.jpg,2,0
train_001526.jpg,2,1
train_003637.jpg,2,1
train_012908.jpg,2,1
train_007694.jpg,0,0
train_002030.jpg,1,1
train_009388.jpg,1,1
train_005247.jpg,2,1
train_012615.jpg,2,1
train_011104.jpg,2,1
train_015692.jpg,1,1
train_009283.jpg,2,1
train_013291.jpg,2,0
train_007013.jpg,2,1
train_000949.jpg,2,1
train_006296.jpg,2,0
train_015645.jpg,0,0
train_003890.jpg,2,1
train_006640.jpg,2,1
train_008915.jpg,2,1
train_000649.jpg,1,1
train_015866.jpg,2,1
train_011780.jpg,2,1
train_008837.jpg,2,1
train_000709.jpg,2,1
train_015959.jpg,1,1
train_002740.jpg,2,1
train_013064.jpg,2,1
train_000303.jpg,2,1
train_012113.jpg,2,1
train_004545.jpg,2,1
train_000016.jpg,2,1
train_012492.jpg,1,1
train_011058.jpg,2,1
train_012709.jpg,2,1
train_012429.jpg,2,1
train_012152.jpg,2,1
train_016357.jpg,2,1
train_009551.jpg,2,1
train_005224.jpg,2,0
train_014741.jpg,2,1
train_008003.jpg,2,1
train_010267.jpg,2,0
train_007584.jpg,2,1
train_005339.jpg,2,1
train_013081.jpg,0,1
train_013191.jpg,2,1
train_015024.jpg,0,1
train_013403.jpg,1,0
train_005748.jpg,1,1
train_000282.jpg,2,1
train_004623.jpg,1,1
train_000682.jpg,2,1
train_014249.jpg,2,1
train_008854.jpg,2,1
train_001939.jpg,2,1
train_013114.jpg,2,0
train_014412.jpg,2,1
train_014367.jpg,1,1
train_015217.jpg,2,1
train_008735.jpg,1,1
train_013972.jpg,2,1
train_004353.jpg,2,1
train_002736.jpg,2,1
train_007082.jpg,2,1
train_008222.jpg,2,1
train_007273.jpg,2,1
train_007230.jpg,2,1
train_004283.jpg,0,0
train_000654.jpg,1,1
train_010828.jpg,0,1
train_006119.jpg,1,1
train_000608.jpg,2,1
train_011000.jpg,2,1
train_008886.jpg,2,1
train_010737.jpg,2,1
train_014283.jpg,2,1
train_014074.jpg,2,1
train_013256.jpg,1,1
train_008187.jpg,1,0
train_008190.jpg,2,1
train_012198.jpg,2,1
train_004240.jpg,0,0
train_008370.jpg,2,1
train_007187.jpg,0,1
train_005013.jpg,2,1
train_014749.jpg,1,0
train_012946.jpg,2,1
train_005198.jpg,0,0
train_015837.jpg,2,1
train_000738.jpg,2,0
train_008510.jpg,2,1
train_010506.jpg,2,1
train_001733.jpg,1,1
train_007626.jpg,2,1
train_007091.jpg,2,1
train_015556.jpg,2,1
train_011515.jpg,0,0
train_004182.jpg,2,1
train_002797.jpg,1,1
train_006526.jpg,2,1
train_012083.jpg,2,1
train_014574.jpg,1,1
train_004955.jpg,2,1
train_014288.jpg,2,1
train_003863.jpg,0,1
train_014533.jpg,2,1
train_015302.jpg,2,1
train_007174.jpg,1,1
train_009287.jpg,2,1
train_008283.jpg,0,0
train_000358.jpg,2,1
train_011764.jpg,2,1
train_000559.jpg,1,1
train_012791.jpg,2,1
train_007881.jpg,2,1
train_006302.jpg,1,1
train_013946.jpg,2,1
train_013384.jpg,2,1
train_000809.jpg,2,1
train_014306.jpg,2,1
train_000186.jpg,2,1
train_015629.jpg,2,1
train_009376.jpg,2,1
train_004867.jpg,2,1
train_004397.jpg,1,1
train_000155.jpg,0,1
train_012881.jpg,2,0
train_007562.jpg,2,1
train_008672.jpg,2,1
train_001403.jpg,2,0
train_014935.jpg,0,1
train_000633.jpg,1,1
train_014238.jpg,2,0
train_006868.jpg,2,0
train_007403.jpg,2,1
train_007539.jpg,1,1
train_010959.jpg,2,1
train_003222.jpg,2,1
train_000311.jpg,2,1
train_016324.jpg,2,0
train_014844.jpg,2,1
train_003757.jpg,1,1
train_007477.jpg,2,1
train_001980.jpg,1,1
train_016154.jpg,1,1
train_015484.jpg,2,1
train_008866.jpg,2,1
train_015848.jpg,0,0
train_014529.jpg,2,1
train_003132.jpg,2,1
train_010881.jpg,2,1
train_006051.jpg,2,0
train_005177.jpg,2,1
train_014135.jpg,2,1
train_013935.jpg,2,1
train_010613.jpg,1,1
train_008427.jpg,2,1
train_000543.jpg,1,1
train_015224.jpg,1,1
train_014923.jpg,2,1
train_012231.jpg,2,0
train_012643.jpg,0,1
train_002133.jpg,2,1
train_005160.jpg,2,1
train_013633.jpg,0,0
train_005842.jpg,2,1
train_003865.jpg,0,0
train_012170.jpg,1,1
train_012626.jpg,2,1
train_004530.jpg,1,1
train_011248.jpg,2,1
train_002018.jpg,2,0
train_012236.jpg,0,0
train_008777.jpg,0,0
train_009592.jpg,2,0
train_000027.jpg,2,1
train_013706.jpg,0,0
train_014088.jpg,1,1
train_000379.jpg,2,1
train_003375.jpg,1,1
train_016169.jpg,2,1
train_002445.jpg,2,1
train_013576.jpg,0,0
train_000733.jpg,2,1
train_001986.jpg,2,1
train_001455.jpg,1,1
train_012566.jpg,1,1
train_005872.jpg,1,1
train_001285.jpg,2,1
train_000418.jpg,2,1
train_010485.jpg,2,1
train_001256.jpg,2,1
train_006003.jpg,1,0
train_004815.jpg,0,0
train_006427.jpg,2,0
train_007087.jpg,1,1
train_001180.jpg,2,1
train_011593.jpg,2,1
train_003148.jpg,1,1
train_011507.jpg,1,1
train_004841.jpg,2,1
train_001128.jpg,2,1
train_006896.jpg,1,1
train_009889.jpg,1,1
train_014586.jpg,2,1
train_010807.jpg,0,0
train_007391.jpg,2,0
train_010471.jpg,1,1
train_002670.jpg,2,1
train_009479.jpg,2,1
train_010444.jpg,2,1
train_007944.jpg,2,0
train_007910.jpg,2,1
train_010360.jpg,1,1
train_004015.jpg,2,1
train_016301.jpg,0,0
train_002477.jpg,2,1
train_009288.jpg,1,1
train_008549.jpg,2,0
train_004061.jpg,1,1
train_007704.jpg,0,0
train_010977.jpg,0,1
train_004606.jpg,1,0
train_010333.jpg,2,1
train_012373.jpg,1,1
train_014213.jpg,2,1
train_010523.jpg,2,1
train_006719.jpg,2,1
train_006315.jpg,2,1
train_004540.jpg,0,0
train_015891.jpg,2,1
train_005584.jpg,0,1
train_011730.jpg,2,0
train_002496.jpg,1,1
train_006827.jpg,2,1
train_001488.jpg,0,0
train_015772.jpg,2,1
train_005651.jpg,1,1
train_009870.jpg,2,1
train_014197.jpg,2,0
train_004997.jpg,2,1
train_011638.jpg,1,1
train_015297.jpg,1,1
train_005693.jpg,2,1
train_003850.jpg,2,1
train_004275.jpg,2,1
train_004604.jpg,0,1
train_003494.jpg,2,1
train_007470.jpg,1,1
train_007067.jpg,0,1
train_006100.jpg,2,1
train_015414.jpg,2,0
train_012505.jpg,2,1
train_008177.jpg,2,1
train_001053.jpg,2,1
train_011720.jpg,2,1
train_010056.jpg,2,1
train_003315.jpg,2,1
train_015381.jpg,2,0
train_015277.jpg,2,0
train_013951.jpg,2,1
train_007711.jpg,2,1
train_014448.jpg,1,1
train_004270.jpg,0,0
train_005166.jpg,2,1
train_001645.jpg,2,1
train_011393.jpg,0,0
train_007264.jpg,2,1
train_012658.jpg,2,1
train_011904.jpg,1,1
train_016168.jpg,2,1
train_002181.jpg,1,1
train_003436.jpg,1,1
train_003595.jpg,2,1
train_005411.jpg,2,1
train_012687.jpg,2,1
train_004971.jpg,2,1
train_013652.jpg,2,1
train_005601.jpg,2,1
train_008246.jpg,1,1
train_015956.jpg,1,1
train_001960.jpg,2,1
train_016174.jpg,2,1
train_013401.jpg,1,1
train_001940.jpg,2,1
train_015844.jpg,2,1
train_015747.jpg,2,1
train_007471.jpg,2,1
train_000567.jpg,0,1
train_000461.jpg,2,1
train_001368.jpg,2,1
train_010273.jpg,1,1
train_015122.jpg,2,1
train_014684.jpg,2,1
train_001478.jpg,0,1
train_015475.jpg,1,1
train_002673.jpg,2,1
train_004322.jpg,2,1
train_002209.jpg,2,0
train_015289.jpg,2,1
train_000175.jpg,1,0
train_005759.jpg,2,1
train_010931.jpg,1,1
train_002981.jpg,2,1
train_010316.jpg,2,1
train_011778.jpg,2,1
train_011233.jpg,1,1
train_003993.jpg,2,1
train_001933.jpg,2,1
train_007662.jpg,2,1
train_000204.jpg,2,0
train_014643.jpg,0,0
train_011837.jpg,2,1
train_013983.jpg,2,1
train_004666.jpg,2,0
train_009929.jpg,0,0
train_006332.jpg,2,1
train_014554.jpg,0,0
train_007931.jpg,1,1
train_000140.jpg,1,1
train_007560.jpg,2,1
train_005632.jpg,2,1
train_010556.jpg,2,1
train_000081.jpg,2,1
train_014443.jpg,0,0
train_013404.jpg,1,1
train_003228.jpg,1,0
train_004211.jpg,1,1
train_008973.jpg,2,1
train_013512.jpg,2,1
train_012730.jpg,2,1
train_016398.jpg,1,1
train_010942.jpg,1,0
train_008535.jpg,2,1
train_004610.jpg,2,1
train_001120.jpg,2,1
train_002773.jpg,2,1
train_011920.jpg,1,1
train_010231.jpg,1,1
train_003752.jpg,2,1
train_001031.jpg,2,1
train_006518.jpg,2,1
train_002674.jpg,0,0
train_009190.jpg,0,0
train_001193.jpg,1,1
train_002259.jpg,2,1
train_005981.jpg,2,1
train_008191.jpg,1,1
train_004788.jpg,2,1
train_010780.jpg,1,1
train_006529.jpg,2,1
train_003162.jpg,2,1
train_014898.jpg,2,1
train_016420.jpg,2,1
train_004256.jpg,2,1
train_007177.jpg,2,1
train_006695.jpg,2,0
train_002533.jpg,2,1
train_010239.jpg,0,1
train_015257.jpg,2,1
train_015996.jpg,2,1
train_002308.jpg,2,1
train_009202.jpg,2,1
train_006389.jpg,2,1
train_008107.jpg,1,0
train_013268.jpg,2,1
train_007837.jpg,2,1
train_011781.jpg,2,1
train_006240.jpg,0,1
train_003473.jpg,2,0
train_003116.jpg,2,1
train_016143.jpg,2,1
train_003101.jpg,2,1
train_000253.jpg,0,1
train_002119.jpg,2,1
train_014986.jpg,1,1
train_013119.jpg,2,1
train_015204.jpg,1,0
train_011361.jpg,2,1
train_008919.jpg,2,1
train_012633.jpg,2,0
train_015540.jpg,2,1
train_015580.jpg,2,0
train_014822.jpg,2,1
train_011111.jpg,1,1
train_000107.jpg,2,0
train_007582.jpg,2,1
train_016021.jpg,0,1
train_008312.jpg,2,1
train_011633.jpg,2,1
train_010211.jpg,2,1
train_013848.jpg,2,1
train_008298.jpg,1,0
train_014080.jpg,2,0
train_009191.jpg,2,1
train_002784.jpg,2,1
train_002647.jpg,0,0
train_004141.jpg,0,1
train_012048.jpg,2,1
train_009125.jpg,2,1
train_005869.jpg,2,0
train_014920.jpg,1,1
train_004942.jpg,2,1
train_014102.jpg,2,1
train_001737.jpg,1,1
train_000345.jpg,2,1
train_010293.jpg,2,1
train_015770.jpg,2,1
train_012348.jpg,2,1
train_007040.jpg,2,1
train_014298.jpg,2,1
train_011001.jpg,0,1
train_010491.jpg,1,1
train_016155.jpg,2,1
train_006659.jpg,2,1
train_007437.jpg,1,1
train_000339.jpg,2,1
train_012738.jpg,1,0
train_006476.jpg,2,0
train_004622.jpg,0,1
train_013540.jpg,2,1
train_008596.jpg,2,1
train_000826.jpg,1,1
train_002179.jpg,2,1
train_001085.jpg,2,1
train_012425.jpg,2,0
train_004588.jpg,2,1
train_007919.jpg,0,0
train_001900.jpg,2,1
train_011340.jpg,2,0
train_015548.jpg,2,1
train_007871.jpg,2,1
train_004686.jpg,2,1
train_012952.jpg,2,1
train_010529.jpg,1,1
train_000023.jpg,2,1
train_009876.jpg,2,1
train_007205.jpg,0,1
train_012064.jpg,2,1
train_009974.jpg,0,0
train_001988.jpg,2,1
train_015754.jpg,1,1
train_011760.jpg,1,1
train_001067.jpg,2,0
train_009076.jpg,1,1
train_013559.jpg,2,1
train_004584.jpg,1,1
train_007642.jpg,2,1
train_011155.jpg,2,1
train_007821.jpg,2,1
train_004293.jpg,2,1
train_015840.jpg,2,1
train_011302.jpg,1,0
train_015727.jpg,2,1
train_003416.jpg,0,1
train_014540.jpg,2,1
train_001484.jpg,2,1
train_008116.jpg,1,1
train_011787.jpg,2,1
train_003329.jpg,1,1
train_008494.jpg,2,1
train_002682.jpg,2,1
train_011939.jpg,2,1
train_013750.jpg,1,1
train_001636.jpg,2,1
train_006821.jpg,0,0
train_005536.jpg,2,1
train_012540.jpg,2,1
train_010009.jpg,1,1
train_003204.jpg,0,1
train_005280.jpg,2,1
train_010073.jpg,0,1
train_008085.jpg,2,1
train_011501.jpg,0,0
train_000907.jpg,2,0
train_006812.jpg,0,1
train_009477.jpg,1,0
train_014173.jpg,2,1
train_008366.jpg,2,1
train_006298.jpg,1,1
train_010330.jpg,2,1
train_012269.jpg,2,1
train_007916.jpg,1,1
train_008873.jpg,2,0
train_005522.jpg,2,0
train_000471.jpg,2,1
train_000669.jpg,2,1
train_010446.jpg,2,0
train_010460.jpg,1,1
train_013078.jpg,0,0
train_003920.jpg,2,1
train_001361.jpg,1,1
train_012369.jpg,0,1
train_013987.jpg,2,1
train_007016.jpg,1,1
train_002896.jpg,0,0
train_011054.jpg,2,1
train_000435.jpg,0,1
train_012131.jpg,0,0
train_011723.jpg,2,1
train_010324.jpg,0,1
train_000072.jpg,2,1
train_013758.jpg,1,1
train_004234.jpg,2,1
train_008551.jpg,2,1
train_008808.jpg,1,1
train_010291.jpg,2,1
train_009626.jpg,2,1
train_015854.jpg,2,1
train_010263.jpg,0,1
train_002943.jpg,0,1
train_016058.jpg,0,1
train_016101.jpg,1,0
train_004133.jpg,2,1
train_003107.jpg,2,1
train_002083.jpg,2,1
train_001134.jpg,2,1
train_003140.jpg,0,0
train_012790.jpg,0,1
train_006884.jpg,2,0
train_003691.jpg,2,1
train_012214.jpg,2,0
train_002877.jpg,2,0
train_005046.jpg,0,1
train_005344.jpg,1,1
train_006533.jpg,0,1
train_013382.jpg,2,1
train_012376.jpg,2,1
train_006354.jpg,2,1
train_007143.jpg,2,1
train_005180.jpg,2,1
train_005032.jpg,2,1
train_012508.jpg,2,1
train_010723.jpg,0,0
train_015251.jpg,2,1
train_012091.jpg,2,1
train_014265.jpg,2,1
train_015069.jpg,2,0
train_013318.jpg,1,1
train_015262.jpg,2,1
train_005989.jpg,0,0
train_001580.jpg,1,1
train_009943.jpg,2,1
train_000544.jpg,1,1
train_012841.jpg,2,1
train_004703.jpg,1,1
train_000626.jpg,1,1
train_010228.jpg,2,1
train_015084.jpg,2,1
train_012394.jpg,1,1
train_001841.jpg,2,1
train_002473.jpg,1,1
train_014047.jpg,2,1
train_013593.jpg,1,1
train_016094.jpg,2,1
train_011621.jpg,1,1
train_012917.jpg,2,1
train_012779.jpg,2,1
train_001861.jpg,0,0
train_000487.jpg,0,0
train_008392.jpg,2,0
train_002629.jpg,2,1
train_011725.jpg,2,1
train_013839.jpg,2,1
train_001258.jpg,1,1
train_015413.jpg,2,1
train_014447.jpg,1,1
train_002650.jpg,2,1
train_005776.jpg,1,1
train_013913.jpg,0,1
train_016400.jpg,0,1
train_011266.jpg,1,1
train_001288.jpg,2,1
train_013698.jpg,2,1
train_000367.jpg,2,1
train_002336.jpg,2,1
train_015311.jpg,2,1
train_004069.jpg,0,0
train_003486.jpg,2,1
train_002770.jpg,2,1
train_009935.jpg,2,1
train_002919.jpg,2,1
train_014945.jpg,2,1
train_006050.jpg,2,1
train_005589.jpg,2,1
train_009512.jpg,2,1
train_010525.jpg,2,1
train_005518.jpg,2,0
train_001789.jpg,0,0
train_011294.jpg,0,1
train_005697.jpg,1,1
train_012899.jpg,1,1
train_003557.jpg,2,1
train_006915.jpg,2,1
train_009313.jpg,2,1
train_008343.jpg,2,1
train_003507.jpg,1,1
train_013653.jpg,2,1
train_008666.jpg,0,0
train_004369.jpg,2,1
train_012675.jpg,2,1
train_009215.jpg,2,1
train_009471.jpg,2,1
train_006397.jpg,2,1
train_013877.jpg,2,1
train_013236.jpg,2,1
train_003948.jpg,2,1
train_005806.jpg,2,1
train_006024.jpg,1,1
train_008014.jpg,1,1
train_007556.jpg,2,1
train_011893.jpg,2,1
train_005938.jpg,2,1
train_001935.jpg,1,1
train_012956.jpg,0,1
train_011619.jpg,2,1
train_003678.jpg,2,1
train_000377.jpg,2,1
train_015167.jpg,1,1
train_010587.jpg,2,1
train_004380.jpg,1,1
train_014145.jpg,1,1
train_001517.jpg,2,1
train_009042.jpg,2,1
train_004127.jpg,0,0
train_015525.jpg,1,1
train_006819.jpg,0,0
train_011973.jpg,2,1
train_011076.jpg,1,0
train_006561.jpg,1,1
train_001479.jpg,0,0
train_007261.jpg,2,1
train_000474.jpg,2,0
train_013714.jpg,2,1
train_006959.jpg,2,1
train_014167.jpg,2,1
train_003645.jpg,1,1
train_009673.jpg,1,1
train_014436.jpg,2,1
train_015628.jpg,2,0
train_000255.jpg,1,1
train_004334.jpg,1,1
train_006780.jpg,2,1
train_000985.jpg,1,1
train_008573.jpg,1,1
train_000458.jpg,2,1
train_005433.jpg,1,1
train_007540.jpg,2,1
train_012138.jpg,1,0
train_008725.jpg,2,1
train_008869.jpg,2,1
train_010509.jpg,1,1
train_010854.jpg,0,1
train_003219.jpg,2,0
train_005544.jpg,0,1
train_006525.jpg,2,1
train_008119.jpg,2,1
train_005165.jpg,2,1
train_001557.jpg,2,1
train_010250.jpg,2,1
train_002777.jpg,1,1
train_004854.jpg,0,0
train_016156.jpg,1,1
train_013183.jpg,2,0
train_006885.jpg,1,1
train_015702.jpg,0,1
train_000611.jpg,0,0
train_000587.jpg,1,1
train_007308.jpg,2,1
train_012125.jpg,0,1
train_000945.jpg,0,1
train_005906.jpg,2,0
train_010906.jpg,2,0
train_013095.jpg,2,1
train_004860.jpg,2,1
train_012703.jpg,0,1
train_002395.jpg,2,1
train_006805.jpg,2,1
train_012672.jpg,1,1
train_006345.jpg,0,0
train_011217.jpg,2,1
train_005026.jpg,2,1
train_005417.jpg,2,1
train_008153.jpg,2,1
train_006477.jpg,2,1
train_009891.jpg,1,1
train_014050.jpg,2,1
train_007165.jpg,1,1
train_003262.jpg,2,1
train_004083.jpg,2,1
train_002991.jpg,2,1
train_008158.jpg,2,1
train_004453.jpg,2,1
train_007399.jpg,2,1
train_006372.jpg,0,0
train_011602.jpg,2,1
train_003580.jpg,2,1
train_007196.jpg,0,0
train_011506.jpg,2,0
train_010081.jpg,2,1
train_004505.jpg,2,1
train_000413.jpg,2,1
train_000035.jpg,0,0
train_003016.jpg,2,1
train_011669.jpg,1,1
train_011285.jpg,1,1
train_014648.jpg,2,1
train_012652.jpg,2,1
train_002878.jpg,0,1
train_011746.jpg,1,1
train_002536.jpg,2,1
train_003072.jpg,1,1
train_004670.jpg,2,1
train_012445.jpg,1,1
train_012996.jpg,2,1
train_014594.jpg,0,1
train_000994.jpg,2,1
train_008254.jpg,2,1
train_011439.jpg,2,1
train_000251.jpg,2,1
train_013577.jpg,2,1
train_002886.jpg,2,1
train_013027.jpg,0,0
train_007930.jpg,2,1
train_014781.jpg,2,1
train_010163.jpg,2,1
train_012367.jpg,2,1
train_002963.jpg,2,1
train_012066.jpg,2,0
train_009198.jpg,1,1
train_002926.jpg,2,1
train_006688.jpg,1,1
train_014183.jpg,0,0
train_005500.jpg,0,1
train_009894.jpg,1,0
train_014582.jpg,2,1
train_000139.jpg,2,1
train_010235.jpg,0,0
train_012279.jpg,0,1
train_016304.jpg,0,0
train_009931.jpg,2,1
train_000157.jpg,0,0
train_004591.jpg,1,1
train_013239.jpg,2,1
train_001555.jpg,2,0
train_013465.jpg,2,1
train_013086.jpg,0,1
train_008020.jpg,2,1
train_009766.jpg,1,0
train_002498.jpg,2,0
train_015503.jpg,2,1
train_000213.jpg,2,1
train_014089.jpg,2,0
train_008639.jpg,0,0
train_010405.jpg,2,1
train_016051.jpg,2,1
train_002861.jpg,0,1
train_010304.jpg,2,1
train_005717.jpg,2,1
train_012920.jpg,2,1
train_001913.jpg,1,1
train_001194.jpg,2,0
train_000665.jpg,2,0
train_010675.jpg,0,0
train_012220.jpg,1,1
train_008008.jpg,2,1
train_008534.jpg,2,1
train_012564.jpg,2,1
train_010000.jpg,2,0
train_011550.jpg,2,1
train_014615.jpg,2,1
train_003479.jpg,2,1
train_012685.jpg,2,1
train_005437.jpg,2,1
train_011184.jpg,1,1
train_013710.jpg,2,1
train_004837.jpg,2,1
train_016140.jpg,2,1
train_007074.jpg,2,1
train_008194.jpg,2,1
train_010925.jpg,2,1
train_000180.jpg,2,1
train_001286.jpg,2,1
train_006359.jpg,2,1
train_013178.jpg,2,0
train_009403.jpg,2,1
train_016402.jpg,0,0
train_014755.jpg,2,1
train_014301.jpg,0,0
train_015412.jpg,2,1
train_008882.jpg,2,1
train_003911.jpg,0,0
train_010902.jpg,0,0
train_015114.jpg,0,1
train_014947.jpg,2,1
train_006379.jpg,2,1
train_014147.jpg,1,1
train_013406.jpg,0,0
train_013490.jpg,2,1
train_000149.jpg,2,1
train_002404.jpg,2,1
train_005465.jpg,2,1
train_009960.jpg,2,1
train_002980.jpg,2,1
train_005502.jpg,2,1
train_001512.jpg,2,1
train_000655.jpg,2,1
train_005543.jpg,2,1
train_005260.jpg,2,1
train_004473.jpg,2,0
train_014839.jpg,1,1
train_006244.jpg,0,1
train_015977.jpg,2,0
train_010122.jpg,2,1
train_004342.jpg,0,0
train_005426.jpg,2,0
train_005708.jpg,2,1
train_012380.jpg,2,1
train_013144.jpg,2,1
train_012318.jpg,2,1
train_003542.jpg,1,1
train_014445.jpg,2,1
train_001282.jpg,2,1
train_005828.jpg,2,1
train_009768.jpg,0,0
train_012896.jpg,2,1
train_007805.jpg,2,1
train_004251.jpg,2,1
train_007342.jpg,1,1
train_004684.jpg,2,1
train_006764.jpg,2,1
train_003286.jpg,2,1
train_012676.jpg,2,1
train_004230.jpg,2,1
train_001853.jpg,2,1
train_007982.jpg,2,1
train_007430.jpg,2,1
train_009265.jpg,2,1
train_012259.jpg,2,1
train_001599.jpg,2,1
train_008156.jpg,2,1
train_004100.jpg,0,1
train_005397.jpg,1,1
train_001594.jpg,2,1
train_000564.jpg,2,1
train_000944.jpg,2,1
train_009405.jpg,0,0
train_008895.jpg,2,1
train_004044.jpg,2,1
train_011048.jpg,2,1
train_008405.jpg,2,1
train_008053.jpg,2,0
train_001590.jpg,1,1
train_010305.jpg,2,1
train_005508.jpg,2,1
train_015183.jpg,2,1
train_001343.jpg,2,1
train_008801.jpg,1,1
train_007638.jpg,0,0
train_006947.jpg,2,1
train_004653.jpg,1,1
train_006555.jpg,2,1
train_006973.jpg,2,1
train_004315.jpg,0,1
train_008384.jpg,2,1
train_010728.jpg,1,1
train_003706.jpg,2,0
train_010646.jpg,0,1
train_007886.jpg,1,1
train_011545.jpg,2,1
train_006756.jpg,2,1
train_006145.jpg,1,1
train_010185.jpg,2,1
train_014701.jpg,2,1
train_006322.jpg,0,0
train_014400.jpg,2,1
train_015911.jpg,2,1
train_002202.jpg,1,1
train_001333.jpg,0,0
train_015881.jpg,0,0
train_003450.jpg,2,1
train_009618.jpg,1,1
train_006376.jpg,2,1
train_011347.jpg,2,1
train_015135.jpg,2,1
train_008768.jpg,2,0
train_015746.jpg,1,1
train_015779.jpg,2,1
train_015787.jpg,2,1
train_010545.jpg,2,1
train_001156.jpg,2,1
train_011609.jpg,2,1
train_009884.jpg,2,1
train_012218.jpg,0,1
train_011762.jpg,2,1
train_014753.jpg,1,1
train_003478.jpg,1,1
train_003040.jpg,2,1
train_009538.jpg,2,1
train_011466.jpg,2,1
train_001075.jpg,0,0
train_010702.jpg,2,1
train_004265.jpg,1,0
train_015214.jpg,0,0
train_004667.jpg,1,1
train_006693.jpg,2,1
train_007300.jpg,2,1
train_015360.jpg,0,1
train_006226.jpg,1,1
train_014111.jpg,2,1
train_011220.jpg,2,1
train_011017.jpg,2,1
train_006754.jpg,2,1
train_000780.jpg,0,1
train_014685.jpg,2,1
train_003732.jpg,2,1
train_005803.jpg,1,1
train_001573.jpg,1,0
train_014634.jpg,1,1
train_000089.jpg,1,1
train_002934.jpg,0,1
train_011647.jpg,0,1
train_002879.jpg,2,1
train_008272.jpg,1,1
train_014255.jpg,1,1
train_014501.jpg,2,1
train_007452.jpg,2,1
train_001842.jpg,0,0
train_000684.jpg,2,1
train_010885.jpg,2,1
train_001032.jpg,0,0
train_016157.jpg,1,1
train_007343.jpg,2,1
train_007848.jpg,2,0
train_015827.jpg,2,1
train_005461.jpg,2,1
train_012288.jpg,0,0
train_008101.jpg,2,1
train_013100.jpg,1,1
train_014067.jpg,2,0
train_005116.jpg,2,1
train_009044.jpg,0,0
train_001043.jpg,2,1
train_003959.jpg,1,0
train_012266.jpg,2,1
train_001725.jpg,1,1
train_012536.jpg,2,1
train_000532.jpg,2,1
train_009252.jpg,2,1
train_012364.jpg,2,1
train_015118.jpg,2,1
train_002527.jpg,2,1
train_012820.jpg,2,1
train_013986.jpg,1,1
train_005481.jpg,2,1
train_005781.jpg,1,1
train_000712.jpg,2,1
train_009726.jpg,2,1
train_003649.jpg,2,1
train_003829.jpg,2,1
train_004861.jpg,2,1
train_001630.jpg,0,1
train_000937.jpg,0,0
train_014370.jpg,2,1
train_007636.jpg,2,1
train_011932.jpg,2,1
train_005157.jpg,2,1
train_008848.jpg,2,1
train_005996.jpg,2,1
train_012742.jpg,0,0
train_003437.jpg,1,1
train_003535.jpg,2,1
train_007161.jpg,0,0
train_014875.jpg,2,1
train_004729.jpg,2,1
train_010691.jpg,0,1
train_012426.jpg,1,1
train_001754.jpg,2,1
train_013826.jpg,2,1
train_007060.jpg,2,0
train_010893.jpg,2,1
train_012156.jpg,1,1
train_003949.jpg,2,1
train_012921.jpg,2,1
train_010197.jpg,0,1
train_016309.jpg,2,1
train_009143.jpg,1,1
train_010498.jpg,2,1
train_001820.jpg,1,0
train_016312.jpg,2,0
train_005944.jpg,1,1
train_014215.jpg,1,1
train_004892.jpg,1,1
train_007233.jpg,0,0
train_014978.jpg,2,1
train_004455.jpg,2,1
train_011553.jpg,1,1
train_001214.jpg,2,1
train_010170.jpg,0,0
train_003804.jpg,1,1
train_010871.jpg,2,1
train_003380.jpg,2,1
train_004442.jpg,2,1
train_015774.jpg,2,1
train_011548.jpg,2,1
train_005985.jpg,1,1
train_002785.jpg,2,1
train_005971.jpg,2,0
train_003149.jpg,2,1
train_007731.jpg,2,0
train_015700.jpg,1,1
train_010524.jpg,1,1
train_010195.jpg,0,0
train_008646.jpg,2,1
train_013870.jpg,2,1
train_014511.jpg,0,1
train_010541.jpg,1,1
train_000672.jpg,1,1
train_008726.jpg,2,1
train_006438.jpg,2,0
train_005703.jpg,0,0
train_008636.jpg,1,1
train_015718.jpg,2,1
train_003589.jpg,2,1
train_003332.jpg,2,1
train_010128.jpg,0,0
train_009334.jpg,0,0
train_001678.jpg,1,1
train_009502.jpg,2,1
train_006023.jpg,2,1
train_003304.jpg,2,1
train_006361.jpg,2,1
train_009452.jpg,2,1
train_015235.jpg,1,1
train_006335.jpg,2,1
train_010759.jpg,2,1
train_000484.jpg,1,1
train_010047.jpg,2,1
train_009070.jpg,2,1
train_015533.jpg,2,1
train_002971.jpg,0,1
train_015932.jpg,0,1
train_008106.jpg,0,0
train_014174.jpg,2,1
train_006707.jpg,2,1
train_001388.jpg,2,1
train_010830.jpg,2,1
train_000823.jpg,2,1
train_003761.jpg,0,1
train_014644.jpg,2,1
train_015197.jpg,2,1
train_013854.jpg,2,1
train_001155.jpg,2,1
train_013728.jpg,0,0
train_008321.jpg,2,1
train_006768.jpg,0,1
train_012666.jpg,2,1
train_001008.jpg,2,1
train_013634.jpg,2,0
train_010561.jpg,2,1
train_009814.jpg,2,1
train_007882.jpg,1,0
train_004786.jpg,1,1
train_008577.jpg,0,1
train_013133.jpg,2,1
train_016342.jpg,2,1
train_014807.jpg,2,0
train_008013.jpg,2,1
train_014483.jpg,2,1
train_012973.jpg,2,1
train_016229.jpg,2,1
train_007017.jpg,0,0
train_009939.jpg,2,1
train_000174.jpg,2,1
train_003019.jpg,2,1
train_006597.jpg,2,0
train_004996.jpg,2,1
train_005677.jpg,2,1
train_011620.jpg,2,1
train_015508.jpg,2,1
train_004241.jpg,1,1
train_001199.jpg,2,1
train_005786.jpg,0,1
train_011460.jpg,1,1
train_014868.jpg,2,1
train_002549.jpg,2,1
train_009305.jpg,0,1
train_011918.jpg,0,0
train_014792.jpg,1,1
train_014138.jpg,2,1
train_014509.jpg,2,1
train_010897.jpg,0,1
train_009680.jpg,2,1
train_013994.jpg,1,1
train_006482.jpg,0,0
train_006829.jpg,2,1
train_009323.jpg,0,1
train_003585.jpg,2,1
train_005742.jpg,2,1
train_007303.jpg,2,1
train_015495.jpg,2,1
train_004131.jpg,2,1
train_006980.jpg,2,1
train_002373.jpg,1,1
train_016161.jpg,2,1
train_013925.jpg,2,1
train_007980.jpg,1,1
train_006878.jpg,0,0
train_007162.jpg,2,1
train_002391.jpg,1,0
train_003900.jpg,0,0
train_010589.jpg,2,1
train_002922.jpg,2,1
train_003832.jpg,2,1
train_006261.jpg,0,1
train_002986.jpg,0,0
train_001151.jpg,0,0
train_004921.jpg,2,1
train_009573.jpg,2,0
train_004097.jpg,0,0
train_001997.jpg,2,1
train_004054.jpg,2,1
train_005856.jpg,0,1
train_012680.jpg,2,1
train_001381.jpg,0,0
train_009148.jpg,0,0
train_012885.jpg,2,1
train_010361.jpg,2,1
train_010574.jpg,0,0
train_006237.jpg,2,1
train_005173.jpg,0,1
train_012419.jpg,2,1
train_006992.jpg,1,1
train_014921.jpg,1,0
train_009010.jpg,2,0
train_011154.jpg,1,1
train_004227.jpg,0,0
train_013088.jpg,1,1
train_007880.jpg,2,1
train_000558.jpg,2,1
train_000882.jpg,2,1
train_010645.jpg,2,1
train_001164.jpg,2,1
train_000075.jpg,2,1
train_012905.jpg,2,1
train_016323.jpg,1,1
train_000818.jpg,2,1
train_004904.jpg,2,1
train_004004.jpg,2,1
train_008902.jpg,2,0
train_000530.jpg,1,1
train_011604.jpg,2,1
train_009437.jpg,2,1
train_015707.jpg,0,0
train_011346.jpg,2,1
train_006909.jpg,2,0
train_002480.jpg,2,1
train_014232.jpg,2,1
train_015750.jpg,2,1
train_004535.jpg,2,1
train_013274.jpg,2,1
train_012388.jpg,2,1
train_009864.jpg,1,1
train_008390.jpg,1,1
train_003302.jpg,2,1
train_008329.jpg,0,1
train_008475.jpg,1,1
train_013911.jpg,0,0
train_012868.jpg,2,1
train_002406.jpg,2,0
train_010601.jpg,2,1
train_007785.jpg,2,1
train_002544.jpg,2,1
train_008887.jpg,0,1
train_006592.jpg,2,1
train_007867.jpg,2,1
train_011202.jpg,2,1
train_015361.jpg,2,1
train_012124.jpg,0,1
train_014068.jpg,2,1
train_003548.jpg,1,1
train_002602.jpg,2,1
train_013172.jpg,2,1
train_005231.jpg,1,1
train_013445.jpg,0,0
train_004012.jpg,1,0
train_011008.jpg,2,1
train_001116.jpg,0,1
train_010454.jpg,2,1
train_012181.jpg,2,1
train_001011.jpg,2,1
train_012276.jpg,2,1
train_001283.jpg,0,1
train_003528.jpg,2,1
train_014209.jpg,2,0
train_010278.jpg,0,0
train_013861.jpg,2,1
train_007448.jpg,2,1
train_004087.jpg,2,1
train_007046.jpg,2,1
train_015726.jpg,2,1
train_015656.jpg,1,1
train_014664.jpg,0,0
train_010656.jpg,1,0
train_011832.jpg,1,1
train_001326.jpg,1,1
train_011804.jpg,2,1
train_011788.jpg,2,1
train_012855.jpg,1,1
train_001936.jpg,2,1
train_001565.jpg,2,1
train_003220.jpg,2,1
train_016132.jpg,2,1
train_014057.jpg,0,1
train_007997.jpg,1,1
train_002049.jpg,2,1
train_007351.jpg,2,1
train_013518.jpg,2,1
train_008277.jpg,2,1
train_006059.jpg,2,1
train_010744.jpg,2,1
train_014305.jpg,1,1
train_003031.jpg,2,1
train_008315.jpg,2,1
train_010061.jpg,1,0
train_012586.jpg,2,1
train_012466.jpg,1,1
train_011857.jpg,2,1
train_001281.jpg,0,0
train_009263.jpg,2,1
train_006753.jpg,2,1
train_003853.jpg,0,1
train_014823.jpg,0,0
train_005279.jpg,0,1
train_014618.jpg,1,1
train_003338.jpg,0,0
train_002022.jpg,1,1
train_012308.jpg,0,1
train_009865.jpg,2,1
train_015512.jpg,1,1
train_014118.jpg,2,1
train_004806.jpg,1,1
train_001421.jpg,0,0
train_007392.jpg,0,1
train_009660.jpg,1,1
train_002324.jpg,2,0
train_008476.jpg,0,1
train_011903.jpg,0,0
train_014030.jpg,2,1
train_009458.jpg,2,0
train_000206.jpg,1,1
train_013258.jpg,1,1
train_003411.jpg,2,1
train_004149.jpg,2,1
train_012477.jpg,2,1
train_013012.jpg,1,1
train_005047.jpg,2,1
train_001916.jpg,2,1
train_003082.jpg,2,1
train_007323.jpg,2,1
train_008022.jpg,0,1
train_014414.jpg,2,1
train_011517.jpg,2,1
train_002508.jpg,2,1
train_008718.jpg,2,1
train_010134.jpg,2,1
train_012562.jpg,2,1
train_000295.jpg,2,1
train_011834.jpg,2,1
train_009546.jpg,0,1
train_010614.jpg,2,0
train_006032.jpg,0,0
train_000091.jpg,2,1
train_009014.jpg,2,1
train_013048.jpg,0,0
train_002722.jpg,2,1
train_002605.jpg,2,1
train_015028.jpg,0,0
train_004160.jpg,2,1
train_002437.jpg,2,1
train_013494.jpg,2,1
train_007135.jpg,2,1
train_008724.jpg,2,1
train_014686.jpg,2,1
train_009109.jpg,2,1
train_001766.jpg,2,0
train_003344.jpg,2,1
train_012242.jpg,2,1
train_001907.jpg,2,1
train_011774.jpg,2,1
train_011457.jpg,2,1
train_014114.jpg,2,0
train_001674.jpg,2,1
train_012319.jpg,2,1
train_012892.jpg,2,1
train_016083.jpg,2,1
train_001845.jpg,2,1
train_000901.jpg,2,1
train_015660.jpg,2,1
train_011663.jpg,2,1
train_014425.jpg,2,1
train_001483.jpg,1,1
train_011108.jpg,2,1
train_005310.jpg,2,1
train_010503.jpg,1,1
train_008870.jpg,0,0
train_004663.jpg,2,1
train_013681.jpg,2,1
train_001362.jpg,0,0
train_001250.jpg,2,1
train_008727.jpg,0,0
train_006117.jpg,1,1
train_015249.jpg,0,0
train_007693.jpg,2,1
train_012327.jpg,1,1
train_004186.jpg,0,0
train_006192.jpg,2,1
train_008972.jpg,0,0
train_014066.jpg,2,1
train_008590.jpg,2,0
train_010558.jpg,2,0
train_001163.jpg,2,1
train_003647.jpg,2,1
train_010539.jpg,2,1
train_006815.jpg,2,1
train_011420.jpg,1,1
train_000542.jpg,2,1
train_000529.jpg,1,1
train_015451.jpg,2,1
train_009729.jpg,0,0
train_001949.jpg,1,1
train_004476.jpg,2,1
train_006948.jpg,2,1
train_006583.jpg,0,1
train_010440.jpg,2,1
train_015029.jpg,1,1
train_009945.jpg,2,1
train_010198.jpg,2,1
train_011205.jpg,2,1
train_012783.jpg,1,1
train_004947.jpg,1,1
train_005184.jpg,0,1
train_012029.jpg,0,1
train_008856.jpg,1,1
train_012431.jpg,2,1
train_008568.jpg,1,1
train_015621.jpg,0,1
train_005227.jpg,2,1
train_013122.jpg,1,1
train_014654.jpg,2,1
train_016210.jpg,2,1
train_005287.jpg,2,1
train_001137.jpg,1,1
train_007145.jpg,2,1
train_013223.jpg,2,1
train_008695.jpg,2,1
train_011727.jpg,1,1
train_002909.jpg,2,1
train_008558.jpg,0,1
train_002178.jpg,1,1
train_009975.jpg,1,1
train_004463.jpg,2,1
train_014530.jpg,2,1
train_006516.jpg,2,1
train_010773.jpg,2,1
train_003063.jpg,2,1
train_007690.jpg,2,0
train_011827.jpg,1,1
train_009671.jpg,2,1
train_012295.jpg,2,1
train_003792.jpg,2,1
train_009478.jpg,2,1
train_007331.jpg,2,1
train_016354.jpg,2,1
train_001062.jpg,0,1
train_006336.jpg,2,1
train_002355.jpg,2,0
train_005514.jpg,2,1
train_003776.jpg,1,1
train_011547.jpg,2,1
train_007810.jpg,1,1
train_002446.jpg,2,1
train_012894.jpg,0,0
train_008857.jpg,2,1
train_000052.jpg,2,1
train_013892.jpg,2,1
train_012357.jpg,2,1
train_009354.jpg,2,1
train_000079.jpg,0,1
train_016327.jpg,0,0
train_011332.jpg,0,1
train_003851.jpg,0,0
train_014040.jpg,2,1
train_003560.jpg,2,1
train_013863.jpg,1,0
train_004832.jpg,0,0
train_015285.jpg,0,0
train_006661.jpg,0,0
train_008830.jpg,0,0
train_003169.jpg,1,1
train_000928.jpg,0,1
train_012335.jpg,2,1
train_016292.jpg,2,1
train_007773.jpg,2,1
train_015270.jpg,0,0
train_004557.jpg,1,0
train_016368.jpg,2,1
train_004260.jpg,1,1
train_004224.jpg,1,1
train_009259.jpg,2,1
train_007190.jpg,2,1
train_006019.jpg,2,1
train_011344.jpg,2,1
train_012808.jpg,2,1
train_012574.jpg,1,1
train_010814.jpg,2,1
train_012430.jpg,2,1
train_005538.jpg,1,1
train_015402.jpg,2,1
train_003456.jpg,0,1
train_008889.jpg,1,1
train_002114.jpg,0,0
train_016375.jpg,2,1
train_010135.jpg,1,1
train_000740.jpg,1,0
train_004383.jpg,1,1
train_010603.jpg,2,1
train_007679.jpg,2,1
train_016153.jpg,2,1
train_011028.jpg,2,1
train_008689.jpg,1,1
train_013299.jpg,2,1
train_006917.jpg,1,1
train_007246.jpg,2,1
train_002873.jpg,2,1
train_015762.jpg,2,1
train_004645.jpg,2,1
train_001265.jpg,2,1
train_013369.jpg,1,0
train_013209.jpg,2,0
train_002948.jpg,1,1
train_009747.jpg,2,0
train_011024.jpg,0,0
train_009615.jpg,2,1
train_002529.jpg,2,1
train_011755.jpg,2,1
train_015457.jpg,0,0
train_010420.jpg,2,1
train_009429.jpg,2,1
train_006426.jpg,2,1
train_016302.jpg,2,1
train_002294.jpg,2,1
train_003448.jpg,1,1
train_006502.jpg,2,1
train_000674.jpg,2,1
train_014827.jpg,0,1
train_000503.jpg,2,1
train_004502.jpg,2,1
train_014044.jpg,0,1
train_008432.jpg,1,1
train_002465.jpg,2,1
train_014569.jpg,1,1
train_007787.jpg,0,0
train_000395.jpg,2,1
train_012974.jpg,2,1
train_005858.jpg,2,0
train_004876.jpg,2,1
train_003467.jpg,2,1
train_010147.jpg,1,1
train_014416.jpg,2,1
train_014354.jpg,2,1
train_007508.jpg,2,1
train_005341.jpg,2,1
train_001972.jpg,1,1
train_002487.jpg,2,1
train_005321.jpg,2,0
train_010430.jpg,0,0
train_015646.jpg,0,1
train_001069.jpg,2,1
train_012803.jpg,2,1
train_006098.jpg,0,1
train_014253.jpg,2,1
train_013058.jpg,0,0
train_010664.jpg,2,1
train_003117.jpg,1,1
train_006131.jpg,2,0
train_013670.jpg,2,1
train_012906.jpg,2,1
train_002900.jpg,2,1
train_000179.jpg,1,1
train_011915.jpg,0,1
train_015975.jpg,1,1
train_004695.jpg,0,0
train_003717.jpg,0,1
train_001724.jpg,2,1
train_007950.jpg,2,1
train_016010.jpg,1,1
train_009269.jpg,2,1
train_004880.jpg,2,1
train_004020.jpg,2,1
train_010531.jpg,1,1
train_012393.jpg,2,1
train_012873.jpg,2,1
train_013883.jpg,2,1
train_012751.jpg,1,1
train_013520.jpg,0,1
train_000836.jpg,1,1
train_003671.jpg,0,0
train_010401.jpg,0,1
train_010461.jpg,2,1
train_011941.jpg,2,1
train_007888.jpg,2,1
train_009833.jpg,2,1
train_013414.jpg,2,1
train_009575.jpg,2,1
train_001785.jpg,2,1
train_014353.jpg,2,1
train_008079.jpg,2,0
train_006696.jpg,2,1
train_005560.jpg,2,1
train_015282.jpg,2,1
train_012193.jpg,1,1
train_013531.jpg,2,1
train_006844.jpg,2,1
train_013447.jpg,2,1
train_000687.jpg,2,1
train_000867.jpg,1,1
train_015243.jpg,2,1
train_005673.jpg,2,1
train_010909.jpg,2,1
train_002611.jpg,2,1
train_010069.jpg,2,1
train_007215.jpg,0,1
train_014545.jpg,1,1
train_002782.jpg,2,1
train_003190.jpg,1,1
train_016410.jpg,0,0
train_015396.jpg,2,1
train_012356.jpg,0,1
train_004002.jpg,2,1
train_011125.jpg,0,0
train_002206.jpg,0,0
train_011174.jpg,0,1
train_001707.jpg,0,1
train_009646.jpg,2,0
train_010434.jpg,1,1
train_000350.jpg,2,0
train_006568.jpg,2,1
train_009425.jpg,2,1
train_003343.jpg,2,1
train_005313.jpg,2,1
train_000926.jpg,2,1
train_003916.jpg,1,1
train_008576.jpg,2,1
train_015115.jpg,0,1
train_006861.jpg,0,1
train_012922.jpg,2,1
train_002771.jpg,2,1
train_003512.jpg,2,0
train_007559.jpg,2,1
train_005349.jpg,1,1
train_013723.jpg,2,1
train_004936.jpg,1,0
train_013971.jpg,2,1
train_005301.jpg,2,1
train_008814.jpg,2,1
train_004678.jpg,0,1
train_007666.jpg,2,0
train_001046.jpg,2,1
train_013734.jpg,1,1
train_009247.jpg,0,1
train_009472.jpg,2,1
train_000873.jpg,2,0
train_000129.jpg,2,1
train_015683.jpg,2,1
train_013450.jpg,2,1
train_010218.jpg,2,1
train_012866.jpg,0,1
train_008585.jpg,1,1
train_009319.jpg,1,1
train_007218.jpg,2,1
train_002854.jpg,2,1
train_005348.jpg,2,0
train_006530.jpg,2,1
train_009727.jpg,2,1
train_011323.jpg,1,1
train_012272.jpg,2,1
train_007894.jpg,2,1
train_009473.jpg,0,1
train_010625.jpg,0,1
train_003010.jpg,2,1
train_004428.jpg,2,1
train_015037.jpg,2,1
train_007961.jpg,2,1
train_004707.jpg,2,1
train_011731.jpg,2,1
train_011117.jpg,1,1
train_009661.jpg,2,1
train_002283.jpg,2,1
train_015560.jpg,2,1
train_005562.jpg,1,1
train_012553.jpg,2,1
train_013579.jpg,2,1
train_004940.jpg,2,1
train_005627.jpg,0,1
train_001614.jpg,2,1
train_006538.jpg,2,1
train_004614.jpg,2,1
train_013346.jpg,2,1
train_015691.jpg,1,1
train_005294.jpg,2,1
train_006551.jpg,2,1
train_001708.jpg,2,1
train_007790.jpg,1,1
train_014319.jpg,2,1
train_013271.jpg,2,1
train_000344.jpg,2,0
train_012809.jpg,2,1
train_002212.jpg,2,1
train_000046.jpg,2,1
train_006712.jpg,2,1
train_006993.jpg,0,0
train_010260.jpg,1,1
train_009657.jpg,2,1
train_015714.jpg,2,1
train_011139.jpg,0,0
train_003628.jpg,2,1
train_009442.jpg,2,1
train_001427.jpg,2,0
train_000361.jpg,1,1
train_000880.jpg,1,1
train_001894.jpg,2,1
train_002803.jpg,2,1
train_004796.jpg,2,1
train_008264.jpg,2,1
train_007879.jpg,2,1
train_013739.jpg,2,1
train_005296.jpg,2,1
train_006005.jpg,2,1
train_015199.jpg,1,1
train_003256.jpg,2,1
train_008258.jpg,0,1
train_014051.jpg,2,1
train_012851.jpg,1,1
train_010041.jpg,2,1
train_007581.jpg,2,1
train_012060.jpg,2,1
train_003556.jpg,2,1
train_000364.jpg,1,1
train_013461.jpg,1,1
train_010693.jpg,2,1
train_004457.jpg,2,1
train_007990.jpg,2,1
train_014075.jpg,2,1
train_008268.jpg,0,0
train_001370.jpg,2,1
train_014229.jpg,0,0
train_012223.jpg,2,1
train_012762.jpg,2,1
train_016203.jpg,2,1
train_005591.jpg,2,1
train_000121.jpg,0,1
train_002937.jpg,2,1
train_015036.jpg,2,1
train_000218.jpg,1,1
train_011692.jpg,2,1
train_005012.jpg,2,1
train_011296.jpg,2,1
train_000082.jpg,2,1
train_015730.jpg,2,1
train_001406.jpg,2,1
train_005368.jpg,2,1
train_004264.jpg,1,1
train_011096.jpg,1,1
train_005832.jpg,2,1
train_001944.jpg,2,1
train_009306.jpg,2,0
train_006375.jpg,2,1
train_012268.jpg,2,1
train_010098.jpg,2,1
train_012019.jpg,1,1
train_000852.jpg,2,1
train_011148.jpg,0,1
train_012710.jpg,1,1
train_005037.jpg,2,1
train_007522.jpg,2,1
train_008138.jpg,0,1
train_010706.jpg,1,1
train_009836.jpg,2,0
train_007503.jpg,2,1
train_006563.jpg,2,1
train_000868.jpg,2,1
train_014470.jpg,2,0
train_009577.jpg,2,1
train_001942.jpg,2,1
train_007608.jpg,1,1
train_013468.jpg,0,0
train_015293.jpg,2,1
train_007328.jpg,2,1
train_007966.jpg,2,1
train_004766.jpg,1,1
train_013655.jpg,2,0
train_005270.jpg,2,1
train_003545.jpg,2,0
train_009428.jpg,2,1
train_016020.jpg,2,1
train_010916.jpg,2,1
train_012038.jpg,1,1
train_004780.jpg,0,1
train_004208.jpg,1,1
train_008864.jpg,0,0
train_011966.jpg,1,0
train_003995.jpg,2,1
train_010914.jpg,2,1
train_009363.jpg,2,1
train_007114.jpg,2,1
train_004137.jpg,2,1
train_000064.jpg,1,1
train_004581.jpg,0,1
train_006013.jpg,0,1
train_012093.jpg,2,1
train_011360.jpg,2,1
train_004368.jpg,1,1
train_013888.jpg,0,0
train_013316.jpg,0,0
train_001858.jpg,2,1
train_011947.jpg,2,1
train_000076.jpg,2,0
train_011595.jpg,0,1
train_003626.jpg,2,1
train_001575.jpg,2,1
train_000375.jpg,2,1
train_003097.jpg,1,1
train_004162.jpg,2,1
train_010600.jpg,1,1
train_002713.jpg,1,0
train_012745.jpg,2,0
train_005805.jpg,2,1
train_004468.jpg,0,0
train_000402.jpg,1,1
train_005054.jpg,2,1
train_005837.jpg,1,1
train_008393.jpg,2,1
train_010021.jpg,1,1
train_009040.jpg,0,0
train_007884.jpg,1,1
train_011293.jpg,0,1
train_000725.jpg,0,0
train_014082.jpg,2,1
train_007339.jpg,1,1
train_010770.jpg,2,1
train_015312.jpg,2,1
train_015023.jpg,2,1
train_009062.jpg,2,1
train_003818.jpg,1,1
train_008877.jpg,1,1
train_007327.jpg,1,1
train_005181.jpg,1,1
train_008804.jpg,2,1
train_003412.jpg,2,0
train_003034.jpg,2,1
train_010950.jpg,2,1
train_003426.jpg,1,1
train_003955.jpg,2,1
train_000863.jpg,2,1
train_003618.jpg,1,0
train_014270.jpg,2,1
train_008932.jpg,2,1
train_014117.jpg,2,1
train_003345.jpg,1,1
train_015997.jpg,2,1
train_009410.jpg,0,1
train_008115.jpg,1,1
train_002467.jpg,0,1
train_003453.jpg,2,1
train_004464.jpg,1,1
train_006976.jpg,2,1
train_008104.jpg,0,0
train_004406.jpg,0,0
train_010089.jpg,2,1
train_002738.jpg,2,1
train_009934.jpg,2,1
train_003887.jpg,2,1
train_003021.jpg,0,1
train_014435.jpg,1,1
train_003737.jpg,2,1
train_010490.jpg,2,1
train_001207.jpg,1,1
train_009217.jpg,1,1
train_005115.jpg,0,0
train_012671.jpg,2,1
train_002026.jpg,1,0
train_011745.jpg,0,1
train_012547.jpg,2,1
train_014805.jpg,2,1
train_012521.jpg,0,1
train_001139.jpg,2,1
train_014650.jpg,0,0
train_013189.jpg,2,1
train_013632.jpg,2,1
train_004017.jpg,2,1
train_013882.jpg,1,1
train_004080.jpg,0,0
train_007099.jpg,2,0
train_006107.jpg,2,1
train_012493.jpg,2,1
train_008782.jpg,1,0
train_001315.jpg,2,1
train_004296.jpg,2,0
train_011925.jpg,2,1
train_003233.jpg,2,1
train_015729.jpg,2,1
train_014724.jpg,2,0
train_001271.jpg,2,0
train_014850.jpg,2,0
train_013649.jpg,2,0
train_000138.jpg,1,0
train_009536.jpg,2,1
train_004006.jpg,2,1
train_003124.jpg,1,0
train_014234.jpg,2,1
train_013799.jpg,2,1
train_007927.jpg,0,0
train_016363.jpg,2,1
train_008062.jpg,2,1
train_006346.jpg,2,1
train_010112.jpg,2,1
train_000812.jpg,2,0
train_001054.jpg,0,0
train_014668.jpg,0,1
train_007079.jpg,0,1
train_011732.jpg,2,1
train_012924.jpg,2,1
train_005496.jpg,2,1
train_002845.jpg,2,1
train_006782.jpg,0,0
train_003912.jpg,1,1
train_001577.jpg,2,1
train_006352.jpg,2,1
train_014386.jpg,2,1
train_012620.jpg,1,1
train_004813.jpg,2,1
train_011552.jpg,2,1
train_016038.jpg,1,1
train_001060.jpg,2,0
train_008093.jpg,2,1
train_008120.jpg,2,1
train_012865.jpg,1,1
train_008907.jpg,1,1
train_000874.jpg,1,1
train_000085.jpg,2,1
train_012907.jpg,1,1
train_012832.jpg,2,0
train_000910.jpg,2,1
train_011931.jpg,2,1
train_006331.jpg,1,1
train_015272.jpg,2,1
train_004984.jpg,2,1
train_000103.jpg,1,1
train_004336.jpg,2,1
train_015863.jpg,2,0
train_003928.jpg,0,1
train_012923.jpg,0,0
train_002348.jpg,2,1
train_010353.jpg,0,1
train_002918.jpg,2,0
train_007779.jpg,0,0
train_011144.jpg,2,1
train_009382.jpg,2,1
train_003641.jpg,2,1
train_005922.jpg,2,1
train_007173.jpg,2,0
train_010204.jpg,2,1
train_014722.jpg,0,1
train_007641.jpg,2,1
train_003650.jpg,2,1
train_012027.jpg,2,1
train_003267.jpg,2,1
train_012649.jpg,2,1
train_011614.jpg,2,1
train_012366.jpg,2,1
train_006348.jpg,1,1
train_013665.jpg,0,0
train_002330.jpg,1,0
train_011176.jpg,2,1
train_007685.jpg,0,0
train_014604.jpg,2,1
train_008340.jpg,2,1
train_010247.jpg,2,1
train_000237.jpg,2,1
train_011371.jpg,2,1
train_005624.jpg,2,1
train_007621.jpg,2,1
train_001329.jpg,1,1
train_012482.jpg,1,1
train_002411.jpg,2,1
train_008457.jpg,2,1
train_007658.jpg,2,1
train_009930.jpg,1,0
train_007993.jpg,2,1
train_006396.jpg,2,1
train_010496.jpg,2,1
train_000234.jpg,2,1
train_016387.jpg,0,0
train_002486.jpg,2,0
train_008760.jpg,2,1
train_015256.jpg,2,1
train_013480.jpg,2,0
train_004603.jpg,2,1
train_016382.jpg,0,0
train_009848.jpg,2,1
train_011629.jpg,2,1
train_009987.jpg,1,1
train_011138.jpg,2,1
train_000750.jpg,2,1
train_005468.jpg,0,1
train_015739.jpg,2,1
train_009636.jpg,2,1
train_008987.jpg,2,1
train_008345.jpg,1,1
train_002136.jpg,2,1
train_013696.jpg,1,1
train_009113.jpg,0,1
train_008517.jpg,2,1
train_000963.jpg,2,1
train_012087.jpg,2,0
train_004849.jpg,2,0
train_014065.jpg,0,0
train_008539.jpg,2,1
train_006200.jpg,0,0
train_014467.jpg,2,0
train_013896.jpg,1,1
train_009260.jpg,2,1
train_005223.jpg,2,1
train_013534.jpg,1,1
train_013011.jpg,2,1
train_015888.jpg,2,0
train_006888.jpg,2,1
train_000914.jpg,2,1
train_010418.jpg,1,1
train_003720.jpg,2,0
train_000865.jpg,2,1
train_009840.jpg,2,1
train_000597.jpg,2,1
train_009254.jpg,2,0
train_007987.jpg,2,1
train_002538.jpg,2,1
train_012190.jpg,2,1
train_007278.jpg,2,1
train_000479.jpg,2,0
train_010764.jpg,2,1
train_012491.jpg,2,1
train_002728.jpg,1,1
train_004291.jpg,0,0
train_000501.jpg,2,1
train_002023.jpg,2,1
train_004144.jpg,2,1
train_006367.jpg,2,1
train_003783.jpg,2,1
train_013687.jpg,2,1
train_003078.jpg,1,1
train_009326.jpg,2,1
train_015890.jpg,1,1
train_005667.jpg,2,1
train_004496.jpg,2,1
train_000228.jpg,2,1
train_005370.jpg,2,1
train_014843.jpg,1,1
train_013457.jpg,2,1
train_010766.jpg,1,1
train_016045.jpg,2,1
train_002817.jpg,1,0
train_007140.jpg,1,1
train_002389.jpg,2,1
train_012933.jpg,0,0
train_009218.jpg,2,1
train_013783.jpg,2,1
train_012165.jpg,2,1
train_002815.jpg,2,1
train_006047.jpg,2,1
train_010259.jpg,2,1
train_007356.jpg,2,0
train_010822.jpg,1,1
train_007710.jpg,2,1
train_010540.jpg,2,1
train_000756.jpg,2,1
train_009992.jpg,2,1
train_011477.jpg,2,1
train_010670.jpg,1,1
train_005896.jpg,2,1
train_011820.jpg,2,0
train_016027.jpg,2,1
train_013743.jpg,0,1
train_009412.jpg,2,1
train_010515.jpg,2,1
train_009677.jpg,2,1
train_011133.jpg,0,1
train_006409.jpg,2,1
train_012925.jpg,2,1
train_011830.jpg,0,0
train_010151.jpg,0,1
train_006155.jpg,0,1
train_004335.jpg,1,1
train_011029.jpg,0,0
train_004858.jpg,2,1
train_005509.jpg,2,1
train_003196.jpg,2,1
train_010669.jpg,2,1
train_008759.jpg,1,1
train_002435.jpg,0,1
train_014964.jpg,0,1
train_010191.jpg,0,0
train_003506.jpg,2,1
train_008348.jpg,2,0
train_001432.jpg,2,1
train_003133.jpg,2,0
train_015178.jpg,2,1
train_002471.jpg,0,0
train_010708.jpg,1,0
train_007996.jpg,2,1
train_006171.jpg,1,0
train_006560.jpg,2,0
train_012757.jpg,2,1
train_012123.jpg,2,1
train_014804.jpg,1,1
train_004115.jpg,2,1
train_014510.jpg,2,0
train_005357.jpg,1,1
train_010091.jpg,2,1
train_002106.jpg,1,1
train_001657.jpg,0,0
train_000752.jpg,2,1
train_001510.jpg,2,1
train_007152.jpg,1,1
train_002966.jpg,0,0
train_007723.jpg,1,1
train_000071.jpg,0,1
train_004217.jpg,2,1
train_002726.jpg,1,1
train_004145.jpg,2,1
train_006281.jpg,2,1
train_015319.jpg,1,0
train_010088.jpg,0,1
train_009569.jpg,2,1
train_007406.jpg,2,1
train_008271.jpg,1,1
train_003694.jpg,1,1
train_010797.jpg,2,1
train_004601.jpg,1,1
train_002443.jpg,2,1
train_001272.jpg,2,0
train_005747.jpg,2,1
train_009731.jpg,2,1
train_005821.jpg,2,1
train_014788.jpg,2,1
train_013250.jpg,2,0
train_011381.jpg,0,1
train_014333.jpg,2,1
train_016072.jpg,2,1
train_001970.jpg,2,1
train_007069.jpg,0,1
train_006033.jpg,2,1
train_000446.jpg,2,1
train_013956.jpg,2,1
train_010409.jpg,2,1
train_007532.jpg,0,0
train_001196.jpg,1,1
train_010398.jpg,2,1
train_014550.jpg,2,1
train_014881.jpg,2,0
train_006421.jpg,2,1
train_002891.jpg,2,1
train_011611.jpg,2,1
train_013355.jpg,2,1
train_010734.jpg,2,1
train_012734.jpg,2,1
train_015633.jpg,1,1
train_005028.jpg,2,1
train_014175.jpg,1,1
train_002077.jpg,1,1
train_008818.jpg,0,0
train_010422.jpg,2,1
train_005219.jpg,2,1
train_016212.jpg,1,1
train_008776.jpg,1,1
train_010314.jpg,2,1
train_010665.jpg,2,0
train_011075.jpg,2,1
train_000026.jpg,1,1
train_016026.jpg,2,1
train_006307.jpg,2,1
train_002122.jpg,1,1
train_008941.jpg,2,1
train_011845.jpg,2,1
train_015948.jpg,0,0
train_015290.jpg,2,1
train_016134.jpg,2,0
train_005062.jpg,2,1
train_003054.jpg,2,1
train_008668.jpg,1,1
train_010279.jpg,2,1
train_015137.jpg,1,1
train_014819.jpg,2,0
train_002941.jpg,2,1
train_006323.jpg,2,1
train_003094.jpg,2,1
train_009767.jpg,2,1
train_008084.jpg,2,1
train_012969.jpg,2,0
train_011224.jpg,2,1
train_008483.jpg,2,1
train_004725.jpg,1,1
train_010394.jpg,2,0
train_015332.jpg,1,1
train_002664.jpg,2,1
train_008388.jpg,2,1
train_011948.jpg,0,0
train_012827.jpg,0,0
train_010223.jpg,2,1
train_012056.jpg,2,1
train_016118.jpg,0,0
train_007677.jpg,2,1
train_003874.jpg,2,1
train_005982.jpg,2,1
train_008052.jpg,2,1
train_014045.jpg,2,1
train_007783.jpg,0,0
train_012207.jpg,0,0
train_007511.jpg,0,1
train_006093.jpg,2,1
train_005577.jpg,1,1
train_006431.jpg,2,1
train_001742.jpg,1,1
train_008221.jpg,2,1
train_005070.jpg,2,0
train_008267.jpg,2,1
train_014469.jpg,1,1
train_002663.jpg,2,1
train_004607.jpg,2,1
train_004585.jpg,1,1
train_007873.jpg,1,1
train_005736.jpg,2,1
train_014316.jpg,2,0
train_000287.jpg,2,1
train_010050.jpg,2,1
train_008443.jpg,0,0
train_009504.jpg,2,1
train_009705.jpg,2,1
train_002220.jpg,2,1
train_006084.jpg,2,1
train_013353.jpg,2,1
train_008235.jpg,0,0
train_006609.jpg,2,1
train_008975.jpg,0,0
train_006292.jpg,0,0
train_001982.jpg,1,1
train_013467.jpg,2,1
train_004493.jpg,2,1
train_011513.jpg,2,1
train_007112.jpg,2,1
train_009206.jpg,2,1
train_005492.jpg,0,1
train_011165.jpg,2,0
train_009904.jpg,2,1
train_001276.jpg,0,0
train_007227.jpg,1,1
train_003944.jpg,2,1
train_001784.jpg,2,1
train_010787.jpg,2,1
train_001629.jpg,2,1
train_015120.jpg,2,0
train_012613.jpg,1,0
train_010752.jpg,2,1
train_012456.jpg,2,0
train_009480.jpg,1,1
train_002229.jpg,2,1
train_015943.jpg,2,1
train_005662.jpg,2,0
train_001850.jpg,0,0
train_000820.jpg,2,1
train_007294.jpg,2,1
train_010951.jpg,2,1
train_003980.jpg,2,0
train_005640.jpg,1,1
train_010755.jpg,2,1
train_002279.jpg,1,1
train_003969.jpg,0,0
train_003297.jpg,2,1
train_003183.jpg,1,1
train_003151.jpg,2,1
train_009540.jpg,0,0
train_000726.jpg,0,1
train_006366.jpg,2,1
train_004556.jpg,1,1
train_005783.jpg,2,1
train_015857.jpg,2,1
train_004314.jpg,0,0
train_004414.jpg,2,1
train_000987.jpg,0,0
train_005447.jpg,2,1
train_013154.jpg,1,1
train_006360.jpg,0,1
train_002101.jpg,0,0
train_011750.jpg,2,1
train_001812.jpg,0,1
train_004872.jpg,2,1
train_009270.jpg,2,1
train_004958.jpg,2,1
train_012600.jpg,2,1
train_004196.jpg,1,1
train_003734.jpg,1,1
train_008081.jpg,2,0
train_000762.jpg,2,0
train_015921.jpg,0,0
train_005085.jpg,2,1
train_000899.jpg,2,1
train_001904.jpg,2,1
train_002321.jpg,1,1
train_013185.jpg,2,1
train_003979.jpg,0,0
train_015188.jpg,0,0
train_001475.jpg,1,1
train_004373.jpg,2,1
train_000098.jpg,0,0
train_014831.jpg,2,1
train_013859.jpg,2,1
train_009794.jpg,2,1
train_010014.jpg,2,1
train_005605.jpg,2,1
train_000769.jpg,2,1
train_015648.jpg,0,1
train_004245.jpg,2,1
train_009366.jpg,0,1
train_009640.jpg,0,0
train_002813.jpg,2,1
train_012368.jpg,2,1
train_000272.jpg,2,1
train_005767.jpg,2,1
train_005363.jpg,2,1
train_001147.jpg,2,1
train_003596.jpg,2,1
train_012581.jpg,2,1
train_012014.jpg,0,1
train_015570.jpg,2,1
train_010037.jpg,0,1
train_005255.jpg,2,1
train_008957.jpg,2,1
train_005903.jpg,2,1
train_007487.jpg,2,1
train_004993.jpg,2,1
train_009072.jpg,2,1
train_002134.jpg,2,0
train_015661.jpg,1,1
train_015737.jpg,0,0
train_005330.jpg,2,1
train_004931.jpg,2,1
train_003414.jpg,1,1
train_012501.jpg,2,1
train_006828.jpg,0,1
train_012443.jpg,2,0
train_010768.jpg,2,0
train_009711.jpg,0,0
train_014856.jpg,2,0
train_015858.jpg,0,1
train_011271.jpg,0,1
train_005015.jpg,2,0
train_002867.jpg,0,1
train_004519.jpg,2,1
train_013930.jpg,2,1
train_014981.jpg,2,1
train_004730.jpg,2,1
train_002310.jpg,2,1
train_014198.jpg,2,1
train_011093.jpg,1,1
train_013255.jpg,2,1
train_012747.jpg,0,0
train_007800.jpg,2,1
train_015068.jpg,0,0
train_012538.jpg,2,1
train_014673.jpg,2,1
train_016110.jpg,2,1
train_007045.jpg,2,1
train_012239.jpg,2,0
train_005473.jpg,2,1
train_011173.jpg,1,1
train_011949.jpg,2,1
train_012772.jpg,2,1
train_004870.jpg,1,1
train_003966.jpg,0,1
train_002103.jpg,2,1
train_015021.jpg,1,1
train_000427.jpg,2,0
train_015473.jpg,1,0
train_000714.jpg,2,1
train_007286.jpg,0,0
train_011880.jpg,2,0
train_004025.jpg,2,1
train_013872.jpg,2,1
train_014888.jpg,1,1
train_013483.jpg,2,1
train_015620.jpg,1,1
train_001375.jpg,2,1
train_009700.jpg,0,1
train_003354.jpg,2,1
train_004485.jpg,2,1
train_011687.jpg,2,1
train_010320.jpg,2,1
train_004394.jpg,1,1
train_001959.jpg,2,1
train_001495.jpg,1,1
train_001013.jpg,2,1
train_006931.jpg,1,0
train_014339.jpg,2,1
train_003166.jpg,0,0
train_003102.jpg,2,1
train_009518.jpg,2,1
train_006854.jpg,2,1
train_012748.jpg,1,0
train_014038.jpg,2,1
train_004594.jpg,2,1
train_007095.jpg,2,1
train_001490.jpg,0,0
train_012555.jpg,2,1
train_008212.jpg,1,1
train_002526.jpg,2,1
train_007189.jpg,2,1
train_012080.jpg,2,1
train_016171.jpg,1,1
train_007717.jpg,2,1
train_006245.jpg,1,1
train_013261.jpg,1,0
train_000700.jpg,0,1
train_016167.jpg,2,1
train_001690.jpg,2,1
train_007542.jpg,2,1
train_013053.jpg,2,1
train_012253.jpg,0,0
train_013927.jpg,2,0
train_016325.jpg,2,1
train_007260.jpg,1,1
train_013317.jpg,2,1
train_000219.jpg,1,1
train_000351.jpg,2,1
train_011592.jpg,2,1
train_011434.jpg,0,1
train_015172.jpg,1,1
train_010650.jpg,0,0
train_005874.jpg,2,1
train_012144.jpg,2,1
train_014195.jpg,0,1
train_016335.jpg,0,0
train_010999.jpg,2,1
train_009394.jpg,2,0
train_016189.jpg,0,1
train_013108.jpg,2,1
train_004652.jpg,1,1
train_014616.jpg,1,0
train_002955.jpg,2,1
train_002583.jpg,2,1
train_008183.jpg,1,1
train_001756.jpg,2,1
train_001096.jpg,2,1
train_011912.jpg,2,1
train_005276.jpg,2,1
train_010658.jpg,0,0
train_011934.jpg,2,1
train_006743.jpg,2,1
train_005641.jpg,2,1
train_001259.jpg,2,1
train_003475.jpg,2,1
train_004517.jpg,2,1
train_010873.jpg,2,1
train_015027.jpg,2,1
train_001826.jpg,2,1
train_000781.jpg,2,1
train_006295.jpg,0,0
train_002313.jpg,1,1
train_009750.jpg,2,1
train_009023.jpg,2,1
train_008225.jpg,0,1
train_007998.jpg,2,1
train_007945.jpg,2,0
train_007419.jpg,0,1
train_008591.jpg,1,1
train_012149.jpg,2,1
train_012277.jpg,1,1
train_009054.jpg,1,1
train_012405.jpg,2,1
train_009570.jpg,2,1
train_004454.jpg,2,1
train_009482.jpg,2,0
train_003884.jpg,2,1
train_001130.jpg,2,1
train_000708.jpg,2,1
train_013136.jpg,2,1
train_012660.jpg,2,1
train_012341.jpg,1,1
train_005987.jpg,1,1
train_000513.jpg,2,1
train_011167.jpg,1,0
train_013421.jpg,2,1
train_000003.jpg,0,1
train_014220.jpg,2,1
train_008789.jpg,1,1
train_012975.jpg,1,1
train_014378.jpg,2,1
train_013099.jpg,2,1
train_001365.jpg,1,0
train_000057.jpg,0,0
train_004136.jpg,2,1
train_015236.jpg,2,1
train_002192.jpg,2,1
train_000001.jpg,2,1
train_007759.jpg,2,1
train_003398.jpg,2,1
train_009976.jpg,2,1
train_006814.jpg,1,1
train_002097.jpg,2,1
train_012623.jpg,1,0
train_005246.jpg,1,1
train_001392.jpg,1,1
train_010166.jpg,2,0
train_009102.jpg,2,1
train_015102.jpg,2,1
train_007553.jpg,1,1
train_004107.jpg,2,1
train_011625.jpg,1,1
train_006566.jpg,2,1
train_016411.jpg,2,1
train_001178.jpg,2,1
train_005308.jpg,2,1
train_015873.jpg,2,0
train_009830.jpg,0,1
train_009499.jpg,0,0
train_005793.jpg,1,1
train_000691.jpg,1,1
train_008462.jpg,1,0
train_012338.jpg,1,1
train_003988.jpg,2,1
train_014987.jpg,2,1
train_012448.jpg,2,1
train_000105.jpg,1,1
train_015884.jpg,2,1
train_006467.jpg,1,1
train_006614.jpg,2,1
train_013342.jpg,0,1
train_003427.jpg,1,1
train_005612.jpg,1,1
train_013024.jpg,2,1
train_006776.jpg,2,1
train_008028.jpg,2,1
train_011396.jpg,1,1
train_001567.jpg,2,1
train_013924.jpg,2,1
train_016116.jpg,1,1
train_003894.jpg,2,1
train_001428.jpg,2,1
train_000462.jpg,2,1
train_002427.jpg,1,0
train_008229.jpg,2,1
train_007461.jpg,2,1
train_001220.jpg,2,1
train_002864.jpg,2,1
train_005936.jpg,2,1
train_015717.jpg,2,1
train_001692.jpg,2,1
train_009801.jpg,2,1
train_007768.jpg,0,0
train_014613.jpg,2,1
train_000419.jpg,1,1
train_006382.jpg,2,1
train_009932.jpg,2,1
train_002695.jpg,2,1
train_007447.jpg,2,1
train_011329.jpg,0,0
train_006963.jpg,2,1
train_003037.jpg,0,1
train_000454.jpg,2,1
train_011195.jpg,2,1
train_015859.jpg,2,1
train_006267.jpg,2,1
train_014584.jpg,1,1
train_008019.jpg,1,1
train_015250.jpg,2,1
train_012216.jpg,0,1
train_013999.jpg,2,0
train_007826.jpg,1,0
train_012998.jpg,2,0
train_016067.jpg,1,1
train_005704.jpg,2,1
train_003213.jpg,2,1
train_015846.jpg,2,0
train_011345.jpg,0,0
train_001653.jpg,2,1
train_008806.jpg,2,1
train_005568.jpg,2,0
train_000249.jpg,2,1
train_003952.jpg,2,1
train_004761.jpg,2,1
train_012286.jpg,2,1
train_007791.jpg,0,1
train_001680.jpg,2,0
train_001070.jpg,2,1
train_007617.jpg,2,1
train_004845.jpg,2,1
train_009138.jpg,2,1
train_012069.jpg,2,1
train_003086.jpg,0,0
train_000598.jpg,2,1
train_002915.jpg,0,0
train_015728.jpg,2,1
train_007001.jpg,2,1
train_014995.jpg,2,1
train_009699.jpg,2,1
train_000480.jpg,1,1
train_001305.jpg,2,1
train_014565.jpg,2,0
train_002151.jpg,1,1
train_010031.jpg,2,1
train_006152.jpg,2,1
train_016331.jpg,2,1
train_001359.jpg,1,1
train_002984.jpg,2,1
train_004771.jpg,2,1
train_013977.jpg,1,0
train_003410.jpg,0,1
train_012076.jpg,0,1
train_003722.jpg,0,0
train_015593.jpg,0,0
train_007412.jpg,0,0
train_011667.jpg,2,0
train_012400.jpg,2,1
train_012982.jpg,2,1
train_002644.jpg,1,1
train_009844.jpg,2,1
train_005685.jpg,0,1
train_013570.jpg,2,1
train_008048.jpg,2,1
train_005443.jpg,2,1
train_014691.jpg,0,1
train_006079.jpg,2,1
train_011237.jpg,2,1
train_001425.jpg,2,1
train_014927.jpg,1,0
train_014916.jpg,2,1
train_003763.jpg,1,1
train_008414.jpg,2,1
train_016052.jpg,1,1
train_011109.jpg,2,1
train_005199.jpg,1,1
train_006747.jpg,0,0
train_000018.jpg,2,0
train_000698.jpg,2,1
train_005623.jpg,2,1
train_009438.jpg,2,1
train_010182.jpg,2,1
train_011489.jpg,2,0
train_006564.jpg,2,1
train_009690.jpg,2,0
train_015668.jpg,1,1
train_003328.jpg,1,1
train_000112.jpg,2,1
train_001857.jpg,1,1
train_015189.jpg,2,1
train_009024.jpg,2,1
train_012305.jpg,2,1
train_006635.jpg,2,1
train_011499.jpg,2,1
train_000974.jpg,2,1
train_014237.jpg,2,1
train_000280.jpg,2,1
train_015551.jpg,0,0
train_010059.jpg,2,0
train_011351.jpg,2,1
train_002681.jpg,2,1
train_015144.jpg,2,1
train_002571.jpg,2,1
train_003695.jpg,2,1
train_009643.jpg,0,0
train_012475.jpg,1,1
train_015411.jpg,1,1
train_002503.jpg,0,1
train_000635.jpg,2,1
train_009348.jpg,2,1
train_006270.jpg,1,1
train_009663.jpg,2,1
train_010740.jpg,2,1
train_004045.jpg,2,1
train_009196.jpg,2,1
train_006965.jpg,2,1
train_012927.jpg,2,0
train_010158.jpg,2,1
train_009603.jpg,2,1
train_006745.jpg,0,0
